provincia;municipio;estacion;magnitud;punto_muestreo;ano;mes;dia;h01;v01;h02;v02;h03;v03;h04;v04;h05;v05;h06;v06;h07;v07;h08;v08;h09;v09;h10;v10;h11;v11;h12;v12;h13;v13;h14;v14;h15;v15;h16;v16;h17;v17;h18;v18;h19;v19;h20;v20;h21;v21;h22;v22;h23;v23;h24;v24
28;102;1;81;28102001_81_89;2026;3;1;0,7;V;0,7;V;0,6;V;0,4;V;0,5;V;0,7;V;0,7;V;0,8;V;0,8;V;1,1;V;1,4;V;1,5;V;1,5;V;1,7;V;1,4;V;1,1;V;0,9;V;0,6;V;0,6;V;0,9;V;1,4;V;1,4;V;1,2;V;1,4;V
28;102;1;82;28102001_82_89;2026;3;1;140,0;V;92,0;V;37,0;V;108,0;V;56,0;V;90,0;V;88,0;V;82,0;V;101,0;V;127,0;V;159,0;V;143,0;V;145,0;V;146,0;V;157,0;V;137,0;V;140,0;V;96,0;V;103,0;V;127,0;V;136,0;V;139,0;V;145,0;V;146,0;V
28;102;1;83;28102001_83_89;2026;3;1;8,0;V;7,2;V;7,0;V;7,2;V;6,5;V;6,5;V;6,4;V;6,8;V;8,4;V;9,5;V;9,8;V;10,0;V;10,2;V;10,6;V;11,8;V;11,7;V;12,4;V;11,6;V;11,0;V;9,9;V;8,3;V;7,7;V;7,4;V;7,1;V
28;102;1;86;28102001_86_89;2026;3;1;87,0;V;89,0;V;91,0;V;91,0;V;92,0;V;93,0;V;94,0;V;93,0;V;85,0;V;78,0;V;74,0;V;71,0;V;70,0;V;68,0;V;63,0;V;64,0;V;62,0;V;65,0;V;67,0;V;72,0;V;80,0;V;83,0;V;85,0;V;86,0;V
28;102;1;87;28102001_87_89;2026;3;1;931,0;V;931,0;V;930,0;V;930,0;V;930,0;V;930,0;V;930,0;V;931,0;V;931,0;V;931,0;V;931,0;V;931,0;V;931,0;V;930,0;V;929,0;V;928,0;V;927,0;V;927,0;V;927,0;V;927,0;V;927,0;V;927,0;V;927,0;V;927,0;V
28;102;1;88;28102001_88_89;2026;3;1;0,0;V;0,0;V;0,0;V;0,0;V;0,0;V;0,0;V;2,0;V;81,0;V;250,0;V;336,0;V;185,0;V;179,0;V;204,0;V;328,0;V;485,0;V;196,0;V;266,0;V;45,0;V;1,0;V;0,0;V;0,0;V;0,0;V;0,0;V;0,0;V
28;102;1;89;28102001_89_89;2026;3;1;0,0;V;0,0;V;0,0;V;0,0;V;0,0;V;0,0;V;0,0;V;0,0;V;0,0;V;0,0;V;0,0;V;0,0;V;0,0;V;0,0;V;0,0;V;0,0;V;0,0;V;0,0;V;0,0;V;0,0;V;0,0;V;0,0;V;0,0;V;0,0;V
28;106;1;81;28106001_81_89;2026;3;1;0,1;V;0,4;V;0,6;V;0,6;V;0,5;V;0,2;V;0,2;V;0,4;V;0,5;V;1,2;V;2,3;V;2,3;V;1,3;V;1,0;V;1,0;V;0,7;V;0,9;V;0,6;V;0,6;V;0,7;V;0,4;V;0,3;V;0,4;V;0,2;V
28;106;1;82;28106001_82_89;2026;3;1;28,0;V;19,0;V;36,0;V;22,0;V;40,0;V;46,0;V;29,0;V;43,0;V;43,0;V;86,0;V;106,0;V;103,0;V;99,0;V;77,0;V;72,0;V;59,0;V;48,0;V;43,0;V;31,0;V;32,0;V;43,0;V;67,0;V;93,0;V;80,0;V
28;106;1;83;28106001_83_89;2026;3;1;8,7;V;9,2;V;8,8;V;8,0;V;7,3;V;6,6;V;6,9;V;7,8;V;8,8;V;10,7;V;12,1;V;13,7;V;13,6;V;13,9;V;14,3;V;14,6;V;14,9;V;13,9;V;12,3;V;11,3;V;10,4;V;9,7;V;9,0;V;8,3;V
28;106;1;86;28106001_86_89;2026;3;1;82,0;V;82,0;V;81,0;V;78,0;V;82,0;V;97,0;V;99,0;V;96,0;V;91,0;V;74,0;V;66,0;V;58,0;V;56,0;V;54,0;V;53,0;V;53,0;V;52,0;V;55,0;V;60,0;V;63,0;V;68,0;V;72,0;V;76,0;V;79,0;V
28;106;1;87;28106001_87_89;2026;3;1;947,0;V;947,0;V;947,0;V;946,0;V;947,0;V;946,0;V;947,0;V;947,0;V;948,0;V;948,0;V;948,0;V;948,0;V;947,0;V;946,0;V;945,0;V;944,0;V;944,0;V;943,0;V;943,0;V;943,0;V;943,0;V;943,0;V;943,0;V;943,0;V
28;106;1;88;28106001_88_89;2026;3;1;1,0;V;1,0;V;1,0;V;1,0;V;1,0;V;1,0;V;1,0;V;29,0;V;94,0;V;446,0;V;559,0;V;670,0;V;339,0;V;308,0;V;360,0;V;308,0;V;257,0;V;70,0;V;2,0;V;1,0;V;1,0;V;1,0;V;1,0;V;1,0;V
28;106;1;89;28106001_89_89;2026;3;1;0,0;V;0,0;V;0,0;V;0,0;V;0,0;V;0,0;V;0,0;V;0,0;V;0,0;V;0,0;V;0,0;V;0,0;V;0,0;V;0,0;V;0,0;V;0,0;V;0,0;V;0,0;V;0,0;V;0,0;V;0,0;V;0,0;V;0,0;V;0,0;V
28;115;3;81;28115003_81_89;2026;3;1;0,1;V;0,2;V;0,2;V;0,2;V;0,1;V;0,1;V;0,1;V;0,1;V;0,1;V;0,3;V;0,7;V;0,8;V;0,5;V;0,4;V;0,4;V;0,5;V;0,5;V;0,3;V;0,1;V;0,1;V;0,1;V;0,1;V;0,1;V;0,1;V
28;115;3;82;28115003_82_89;2026;3;1;326,0;V;26,0;V;24,0;V;9,0;V;21,0;V;314,0;V;292,0;V;287,0;V;29,0;V;73,0;V;123,0;V;137,0;V;130,0;V;130,0;V;80,0;V;126,0;V;47,0;V;92,0;V;53,0;V;53,0;V;49,0;V;312,0;V;307,0;V;348,0;V
28;115;3;83;28115003_83_89;2026;3;1;8,3;V;8,7;V;8,7;V;8,6;V;7,9;V;6,1;V;4,5;V;5,7;V;8,3;V;10,2;V;12,1;V;12,3;V;12,0;V;12,4;V;12,6;V;13,3;V;12,9;V;12,2;V;10,2;V;7,5;V;6,1;V;5,5;V;6,5;V;6,9;V
28;115;3;86;28115003_86_89;2026;3;1;82,0;V;77,0;V;75,0;V;75,0;V;80,0;V;91,0;V;97,0;V;94,0;V;82,0;V;74,0;V;67,0;V;63,0;V;64,0;V;61,0;V;59,0;V;56,0;V;56,0;V;58,0;V;70,0;V;87,0;V;91,0;V;94,0;V;92,0;V;93,0;V
28;115;3;87;28115003_87_89;2026;3;1;948,0;V;948,0;V;947,0;V;947,0;V;947,0;V;947,0;V;947,0;V;948,0;V;948,0;V;948,0;V;948,0;V;948,0;V;947,0;V;946,0;V;945,0;V;945,0;V;944,0;V;944,0;V;944,0;V;944,0;V;944,0;V;944,0;V;944,0;V;943,0;V
28;115;3;88;28115003_88_89;2026;3;1;1,0;V;1,0;V;1,0;V;1,0;V;1,0;V;1,0;V;2,0;V;30,0;V;92,0;V;195,0;V;399,0;V;370,0;V;209,0;V;211,0;V;192,0;V;152,0;V;86,0;V;20,0;V;2,0;V;1,0;V;1,0;V;1,0;V;1,0;V;1,0;V
28;115;3;89;28115003_89_89;2026;3;1;0,0;V;0,0;V;0,0;V;0,0;V;0,0;V;0,0;V;0,0;V;0,0;V;0,0;V;0,0;V;0,0;V;0,0;V;0,0;V;0,0;V;0,0;V;0,0;V;0,0;V;0,0;V;0,0;V;0,0;V;0,0;V;0,0;V;0,0;V;0,0;V
28;120;1;81;28120001_81_89;2026;3;1;1,3;V;1,0;V;1,1;V;1,5;V;1,6;V;1,4;V;1,5;V;1,0;V;0,7;V;1,7;V;2,9;V;2,9;V;2,4;V;2,2;V;2,5;V;2,7;V;1,8;V;1,3;V;0,7;V;1,3;V;1,0;V;1,0;V;1,5;V;1,7;V
28;120;1;82;28120001_82_89;2026;3;1;42,0;V;58,0;V;54,0;V;42,0;V;33,0;V;24,0;V;27,0;V;40,0;V;138,0;V;155,0;V;148,0;V;145,0;V;136,0;V;138,0;V;135,0;V;138,0;V;129,0;V;118,0;V;80,0;V;11,0;V;207,0;V;70,0;V;148,0;V;144,0;V
28;120;1;83;28120001_83_89;2026;3;1;0,4;V;-0,1;V;0,4;V;-0,4;V;-1,3;V;-1,3;V;-1,6;V;-1,1;V;1,3;V;2,7;V;3,5;V;5,0;V;5,7;V;6,1;V;6,3;V;6,5;V;6,0;V;4,2;V;1,5;V;0,6;V;2,0;V;1,9;V;1,8;V;1,4;V
28;120;1;86;28120001_86_89;2026;3;1;92,0;V;95,0;V;92,0;V;94,0;V;89,0;V;89,0;V;90,0;V;89,0;V;90,0;V;84,0;V;83,0;V;77,0;V;75,0;V;73,0;V;73,0;V;72,0;V;74,0;V;81,0;V;91,0;V;89,0;V;84,0;V;88,0;V;89,0;V;95,0;V
28;120;1;87;28120001_87_89;2026;3;1;816,0;V;816,0;V;816,0;V;815,0;V;815,0;V;815,0;V;815,0;V;815,0;V;816,0;V;816,0;V;816,0;V;816,0;V;815,0;V;814,0;V;814,0;V;814,0;V;813,0;V;813,0;V;813,0;V;813,0;V;813,0;V;813,0;V;812,0;V;812,0;V
28;120;1;88;28120001_88_89;2026;3;1;1,0;V;1,0;V;1,0;V;1,0;V;1,0;V;1,0;V;2,0;V;93,0;V;419,0;V;603,0;V;826,0;V;926,0;V;727,0;V;742,0;V;584,0;V;538,0;V;266,0;V;58,0;V;1,0;V;1,0;V;1,0;V;1,0;V;1,0;V;1,0;V
28;120;1;89;28120001_89_89;2026;3;1;0,0;V;0,0;V;0,0;V;0,0;V;0,0;V;0,0;V;0,0;V;0,0;V;0,0;V;0,0;V;0,0;V;0,0;V;0,0;V;0,0;V;0,0;V;0,0;V;0,0;V;0,0;V;0,0;V;0,0;V;0,0;V;0,0;V;0,0;V;0,0;V
28;123;2;81;28123002_81_89;2026;3;1;0,6;V;1,5;V;1,5;V;1,0;V;0,6;V;0,5;V;1,0;V;1,0;V;1,0;V;0,9;V;1,1;V;1,5;V;2,1;V;1,6;V;1,3;V;0,7;V;1,0;V;0,8;V;0,4;V;0,6;V;0,7;V;0,9;V;0,5;V;0,5;V
28;123;2;82;28123002_82_89;2026;3;1;68,0;V;59,0;V;56,0;V;67,0;V;61,0;V;70,0;V;68,0;V;62,0;V;72,0;V;69,0;V;132,0;V;161,0;V;153,0;V;144,0;V;138,0;V;159,0;V;102,0;V;70,0;V;62,0;V;64,0;V;83,0;V;107,0;V;111,0;V;81,0;V
28;123;2;83;28123002_83_89;2026;3;1;5,6;V;4,9;V;4,1;V;3,6;V;3,6;V;3,3;V;3,1;V;3,8;V;4,6;V;5,6;V;7,7;V;8,6;V;9,2;V;9,7;V;10,4;V;11,1;V;11,8;V;9,5;V;7,2;V;5,9;V;5,3;V;5,1;V;4,1;V;3,1;V
28;123;2;86;28123002_86_89;2026;3;1;69,0;V;64,0;V;67,0;V;69,0;V;69,0;V;71,0;V;72,0;V;69,0;V;67,0;V;65,0;V;61,0;V;55,0;V;51,0;V;49,0;V;47,0;V;45,0;V;43,0;V;50,0;V;59,0;V;63,0;V;66,0;V;67,0;V;70,0;V;75,0;V
28;123;2;87;28123002_87_89;2026;3;1;954,0;V;954,0;V;954,0;V;953,0;V;953,0;V;953,0;V;954,0;V;954,0;V;954,0;V;955,0;V;954,0;V;954,0;V;954,0;V;953,0;V;952,0;V;951,0;V;950,0;V;950,0;V;950,0;V;950,0;V;950,0;V;950,0;V;950,0;V;950,0;V
28;123;2;88;28123002_88_89;2026;3;1;14,0;V;14,0;V;14,0;V;14,0;V;14,0;V;14,0;V;15,0;V;40,0;V;88,0;V;132,0;V;333,0;V;245,0;V;300,0;V;282,0;V;319,0;V;243,0;V;255,0;V;62,0;V;14,0;V;14,0;V;14,0;V;14,0;V;14,0;V;15,0;V
28;123;2;89;28123002_89_89;2026;3;1;0,0;V;0,0;V;0,0;V;0,0;V;0,0;V;0,0;V;0,0;V;0,0;V;0,0;V;0,0;V;0,0;V;0,0;V;0,0;V;0,0;V;0,0;V;0,0;V;0,0;V;0,0;V;0,0;V;0,0;V;0,0;V;0,0;V;0,0;V;0,0;V
28;127;4;81;28127004_81_89;2026;3;1;0,7;V;0,4;V;0,3;V;0,2;V;0,2;V;0,3;V;0,3;V;0,1;V;0,2;V;0,3;V;0,6;V;0,5;V;0,9;V;0,6;V;0,6;V;0,7;V;0,7;V;0,5;V;0,1;V;0,5;V;0,7;V;0,6;V;0,3;V;0,6;V
28;127;4;82;28127004_82_89;2026;3;1;32,0;V;37,0;V;71,0;V;40,0;V;50,0;V;24,0;V;10,0;V;272,0;V;93,0;V;70,0;V;93,0;V;104,0;V;122,0;V;148,0;V;145,0;V;132,0;V;78,0;V;118,0;V;33,0;V;21,0;V;23,0;V;28,0;V;32,0;V;19,0;V
28;127;4;83;28127004_83_89;2026;3;1;8,7;V;8,7;V;8,6;V;8,2;V;7,8;V;7,5;V;7,3;V;8,0;V;8,7;V;9,5;V;10,2;V;10,9;V;11,2;V;12,0;V;12,2;V;12,1;V;13,1;V;12,4;V;10,9;V;9,6;V;8,8;V;9,0;V;9,1;V;8,4;V
28;127;4;86;28127004_86_89;2026;3;1;70,0;V;70,0;V;69,0;V;71,0;V;73,0;V;74,0;V;77,0;V;77,0;V;76,0;V;72,0;V;68,0;V;65,0;V;63,0;V;58,0;V;55,0;V;54,0;V;49,0;V;51,0;V;56,0;V;63,0;V;68,0;V;68,0;V;68,0;V;71,0;V
28;127;4;87;28127004_87_89;2026;3;1;940,0;V;940,0;V;940,0;V;939,0;V;939,0;V;939,0;V;940,0;V;940,0;V;941,0;V;941,0;V;941,0;V;940,0;V;939,0;V;939,0;V;938,0;V;937,0;V;937,0;V;936,0;V;936,0;V;936,0;V;936,0;V;936,0;V;936,0;V;936,0;V
28;127;4;88;28127004_88_89;2026;3;1;1,0;V;1,0;V;1,0;V;1,0;V;1,0;V;1,0;V;1,0;V;20,0;V;179,0;V;278,0;V;318,0;V;259,0;V;247,0;V;326,0;V;251,0;V;199,0;V;241,0;V;72,0;V;2,0;V;1,0;V;1,0;V;1,0;V;1,0;V;1,0;V
28;127;4;89;28127004_89_89;2026;3;1;0,0;V;0,0;V;0,0;V;0,0;V;0,0;V;0,0;V;0,0;V;0,0;V;0,0;V;0,0;V;0,0;V;0,0;V;0,0;V;0,0;V;0,0;V;0,0;V;0,0;V;0,0;V;0,0;V;0,0;V;0,0;V;0,0;V;0,0;V;0,0;V
28;13;2;81;28013002_81_89;2026;3;1;0,6;V;0,4;V;0,2;V;0,2;V;0,2;V;0,2;V;0,2;V;0,1;V;0,4;V;1,1;V;1,9;V;1,9;V;1,8;V;1,8;V;1,7;V;1,8;V;1,4;V;1,0;V;0,7;V;0,8;V;1,6;V;2,9;V;3,3;V;2,4;V
28;13;2;82;28013002_82_89;2026;3;1;71,0;V;97,0;V;114,0;V;70,0;V;47,0;V;43,0;V;61,0;V;63,0;V;72,0;V;82,0;V;128,0;V;127,0;V;117,0;V;109,0;V;85,0;V;73,0;V;85,0;V;90,0;V;102,0;V;104,0;V;124,0;V;144,0;V;147,0;V;99,0;V
28;13;2;83;28013002_83_89;2026;3;1;8,7;V;8,1;V;8,0;V;7,2;V;5,4;V;4,6;V;4,0;V;5,0;V;8,1;V;10,5;V;12,8;V;13,6;V;13,9;V;14,6;V;15,2;V;15,8;V;15,6;V;15,7;V;13,5;V;12,1;V;11,6;V;11,0;V;10,3;V;9,5;V
28;13;2;86;28013002_86_89;2026;3;1;80,0;V;83,0;V;83,0;V;85,0;V;91,0;V;92,0;V;94,0;V;93,0;V;82,0;V;74,0;V;64,0;V;59,0;V;58,0;V;56,0;V;55,0;V;53,0;V;54,0;V;54,0;V;61,0;V;65,0;V;66,0;V;68,0;V;70,0;V;73,0;V
28;13;2;87;28013002_87_89;2026;3;1;964,0;V;964,0;V;964,0;V;963,0;V;963,0;V;963,0;V;963,0;V;964,0;V;964,0;V;964,0;V;964,0;V;964,0;V;963,0;V;962,0;V;961,0;V;960,0;V;960,0;V;959,0;V;959,0;V;959,0;V;959,0;V;959,0;V;959,0;V;959,0;V
28;13;2;88;28013002_88_89;2026;3;1;0,0;V;0,0;V;0,0;V;0,0;V;0,0;V;0,0;V;0,0;V;36,0;V;146,0;V;309,0;V;405,0;V;352,0;V;349,0;V;392,0;V;338,0;V;333,0;V;114,0;V;49,0;V;0,0;V;0,0;V;0,0;V;0,0;V;0,0;V;0,0;V
28;13;2;89;28013002_89_89;2026;3;1;0,0;V;0,0;V;0,0;V;0,0;V;0,0;V;0,0;V;0,0;V;0,0;V;0,0;V;0,0;V;0,0;V;0,0;V;0,0;V;0,0;V;0,0;V;0,0;V;0,0;V;0,0;V;0,0;V;0,0;V;0,0;V;0,0;V;0,0;V;0,0;V
28;133;2;81;28133002_81_89;2026;3;1;1,0;V;1,0;V;0,8;V;0,3;V;0,2;V;0,3;V;0,3;V;0,5;V;0,5;V;1,3;V;1,7;V;1,3;V;1,5;V;1,2;V;1,3;V;1,3;V;1,1;V;0,7;V;0,7;V;0,5;V;0,6;V;0,1;V;0,7;V;0,7;V
28;133;2;82;28133002_82_89;2026;3;1;87,0;V;101,0;V;91,0;V;41,0;V;40,0;V;144,0;V;61,0;V;103,0;V;134,0;V;141,0;V;142,0;V;139,0;V;139,0;V;137,0;V;132,0;V;139,0;V;136,0;V;128,0;V;337,0;V;284,0;V;313,0;V;272,0;V;145,0;V;68,0;V
28;133;2;83;28133002_83_89;2026;3;1;8,7;V;8,5;V;8,3;V;8,3;V;8,2;V;7,9;V;7,6;V;7,6;V;8,3;V;9,4;V;10,3;V;10,5;V;11,2;V;11,8;V;12,0;V;12,4;V;13,0;V;12,5;V;10,2;V;9,5;V;9,5;V;8,7;V;8,4;V;7,9;V
28;133;2;86;28133002_86_89;2026;3;1;65,0;V;72,0;V;78,0;V;79,0;V;78,0;V;79,0;V;79,0;V;80,0;V;78,0;V;71,0;V;66,0;V;65,0;V;63,0;V;61,0;V;60,0;V;57,0;V;55,0;V;57,0;V;66,0;V;69,0;V;68,0;V;73,0;V;74,0;V;75,0;V
28;133;2;87;28133002_87_89;2026;3;1;943,0;V;943,0;V;943,0;V;943,0;V;943,0;V;943,0;V;943,0;V;943,0;V;944,0;V;944,0;V;944,0;V;944,0;V;943,0;V;942,0;V;941,0;V;940,0;V;940,0;V;939,0;V;939,0;V;939,0;V;939,0;V;939,0;V;939,0;V;939,0;V
28;133;2;88;28133002_88_89;2026;3;1;5,0;V;5,0;V;5,0;V;5,0;V;5,0;V;5,0;V;5,0;V;20,0;V;109,0;V;266,0;V;313,0;V;170,0;V;249,0;V;248,0;V;189,0;V;178,0;V;197,0;V;81,0;V;4,0;V;5,0;V;4,0;V;5,0;V;5,0;V;5,0;V
28;133;2;89;28133002_89_89;2026;3;1;0,0;V;0,0;V;0,0;V;0,0;V;0,0;V;0,0;V;0,0;V;0,0;V;0,0;V;0,0;V;0,0;V;0,0;V;0,0;V;0,0;V;0,0;V;0,0;V;0,0;V;0,0;V;0,0;V;0,0;V;0,0;V;0,0;V;0,0;V;0,0;V
28;134;2;81;28134002_81_89;2026;3;1;0,2;V;0,1;V;0,1;V;0,1;V;0,1;V;0,1;V;0,1;V;0,1;V;0,2;V;0,3;V;1,1;V;1,3;V;1,1;V;1,7;V;1,5;V;1,7;V;1,2;V;0,9;V;0,1;V;0,1;V;0,1;V;0,1;V;0,1;V;0,1;V
28;134;2;82;28134002_82_89;2026;3;1;352,0;V;21,0;V;9,0;V;350,0;V;294,0;V;294,0;V;294,0;V;7,0;V;60,0;V;85,0;V;118,0;V;137,0;V;138,0;V;143,0;V;152,0;V;132,0;V;134,0;V;123,0;V;328,0;V;309,0;V;307,0;V;302,0;V;302,0;V;266,0;V
28;134;2;83;28134002_83_89;2026;3;1;3,8;V;6,1;V;6,9;V;6,3;V;5,9;V;4,6;V;3,9;V;5,6;V;7,2;V;9,1;V;11,2;V;11,6;V;11,4;V;11,8;V;12,2;V;12,6;V;12,3;V;11,5;V;5,8;V;2,5;V;1,3;V;1,8;V;3,5;V;4,2;V
28;134;2;86;28134002_86_89;2026;3;1;87,0;V;81,0;V;78,0;V;84,0;V;88,0;V;91,0;V;94,0;V;92,0;V;78,0;V;67,0;V;59,0;V;59,0;V;60,0;V;57,0;V;54,0;V;51,0;V;51,0;V;54,0;V;76,0;V;89,0;V;93,0;V;96,0;V;96,0;V;97,0;V
28;134;2;87;28134002_87_89;2026;3;1;945,0;V;945,0;V;945,0;V;945,0;V;945,0;V;945,0;V;945,0;V;945,0;V;946,0;V;946,0;V;946,0;V;945,0;V;945,0;V;944,0;V;943,0;V;942,0;V;942,0;V;941,0;V;941,0;V;941,0;V;941,0;V;941,0;V;941,0;V;941,0;V
28;134;2;88;28134002_88_89;2026;3;1;1,0;V;1,0;V;1,0;V;1,0;V;1,0;V;1,0;V;1,0;V;24,0;V;94,0;V;324,0;V;699,0;V;593,0;V;208,0;V;285,0;V;248,0;V;354,0;V;175,0;V;32,0;V;1,0;V;1,0;V;1,0;V;1,0;V;1,0;V;1,0;V
28;134;2;89;28134002_89_89;2026;3;1;0,0;V;0,0;V;0,0;V;0,0;V;0,0;V;0,0;V;0,0;V;0,0;V;0,0;V;0,0;V;0,0;V;0,0;V;0,0;V;0,0;V;0,0;V;0,0;V;0,0;V;0,0;V;0,0;V;0,0;V;0,0;V;0,0;V;0,0;V;0,0;V
28;14;2;81;28014002_81_89;2026;3;1;1,5;V;1,5;V;1,5;V;0,3;V;0,2;V;0,3;V;0,9;V;1,1;V;1,7;V;0,8;V;1,6;V;2,1;V;2,2;V;1,9;V;1,5;V;0,7;V;1,4;V;1,4;V;0,7;V;0,6;V;2,0;V;3,5;V;4,1;V;2,4;V
28;14;2;82;28014002_82_89;2026;3;1;336,0;V;304,0;V;319,0;V;65,0;V;94,0;V;28,0;V;139,0;V;26,0;V;339,0;V;8,0;V;143,0;V;126,0;V;113,0;V;112,0;V;119,0;V;186,0;V;347,0;V;16,0;V;355,0;V;99,0;V;120,0;V;124,0;V;125,0;V;124,0;V
28;14;2;83;28014002_83_89;2026;3;1;9,4;V;9,1;V;8,3;V;7,1;V;6,5;V;6,7;V;7,0;V;7,5;V;8,3;V;10,0;V;11,9;V;11,9;V;12,2;V;12,7;V;13,1;V;14,2;V;14,9;V;14,6;V;11,0;V;9,6;V;10,6;V;9,7;V;9,1;V;8,5;V
28;14;2;86;28014002_86_89;2026;3;1;69,0;V;69,0;V;70,0;V;76,0;V;79,0;V;77,0;V;77,0;V;75,0;V;71,0;V;66,0;V;57,0;V;55,0;V;52,0;V;51,0;V;50,0;V;47,0;V;45,0;V;46,0;V;59,0;V;66,0;V;61,0;V;64,0;V;67,0;V;69,0;V
28;14;2;87;28014002_87_89;2026;3;1;956,0;V;956,0;V;956,0;V;956,0;V;956,0;V;956,0;V;956,0;V;956,0;V;957,0;V;957,0;V;957,0;V;956,0;V;956,0;V;955,0;V;954,0;V;953,0;V;953,0;V;952,0;V;952,0;V;952,0;V;952,0;V;952,0;V;952,0;V;951,0;V
28;14;2;88;28014002_88_89;2026;3;1;1,0;V;1,0;V;1,0;V;1,0;V;1,0;V;1,0;V;1,0;V;37,0;V;77,0;V;215,0;V;473,0;V;274,0;V;283,0;V;352,0;V;307,0;V;231,0;V;168,0;V;37,0;V;1,0;V;1,0;V;1,0;V;1,0;V;1,0;V;1,0;V
28;14;2;89;28014002_89_89;2026;3;1;0,0;V;0,0;V;0,0;V;0,0;V;0,0;V;0,0;V;0,0;V;0,0;V;0,0;V;0,0;V;0,0;V;0,0;V;0,0;V;0,0;V;0,0;V;0,0;V;0,0;V;0,0;V;0,0;V;0,0;V;0,0;V;0,0;V;0,0;V;0,0;V
28;148;4;81;28148004_81_89;2026;3;1;2,2;V;2,4;V;1,7;V;2,1;V;1,8;V;1,4;V;1,1;V;0,9;V;1,0;V;0,6;V;0,8;V;1,3;V;1,4;V;2,0;V;2,2;V;1,0;V;0,9;V;0,6;V;0,8;V;1,1;V;0,7;V;0,5;V;1,2;V;1,7;V
28;148;4;82;28148004_82_89;2026;3;1;43,0;V;47,0;V;50,0;V;51,0;V;50,0;V;52,0;V;47,0;V;80,0;V;59,0;V;65,0;V;127,0;V;166,0;V;179,0;V;162,0;V;161,0;V;244,0;V;215,0;V;337,0;V;58,0;V;60,0;V;74,0;V;85,0;V;130,0;V;139,0;V
28;148;4;83;28148004_83_89;2026;3;1;9,9;V;9,3;V;9,0;V;9,0;V;9,0;V;8,9;V;8,8;V;8,9;V;9,7;V;11,3;V;12,1;V;12,7;V;13,5;V;13,6;V;13,9;V;14,7;V;15,9;V;14,2;V;12,7;V;12,0;V;10,5;V;10,5;V;10,3;V;9,9;V
28;148;4;86;28148004_86_89;2026;3;1;66,0;V;68,0;V;69,0;V;68,0;V;68,0;V;68,0;V;70,0;V;71,0;V;69,0;V;65,0;V;63,0;V;62,0;V;57,0;V;55,0;V;52,0;V;50,0;V;47,0;V;51,0;V;57,0;V;59,0;V;66,0;V;66,0;V;67,0;V;69,0;V
28;148;4;87;28148004_87_89;2026;3;1;958,0;V;958,0;V;958,0;V;957,0;V;957,0;V;957,0;V;957,0;V;958,0;V;959,0;V;960,0;V;960,0;V;959,0;V;958,0;V;957,0;V;956,0;V;956,0;V;956,0;V;955,0;V;954,0;V;954,0;V;954,0;V;954,0;V;954,0;V;953,0;V
28;148;4;88;28148004_88_89;2026;3;1;15,0;V;15,0;V;15,0;V;15,0;V;15,0;V;15,0;V;15,0;V;49,0;V;129,0;V;226,0;V;238,0;V;230,0;V;289,0;V;292,0;V;317,0;V;294,0;V;302,0;V;64,0;V;16,0;V;15,0;V;15,0;V;15,0;V;15,0;V;15,0;V
28;148;4;89;28148004_89_89;2026;3;1;0,0;V;0,0;V;0,0;V;0,0;V;0,0;V;0,0;V;0,0;V;0,0;V;0,0;V;0,0;V;0,0;V;0,0;V;0,0;V;0,0;V;0,0;V;0,0;V;0,0;V;0,0;V;0,0;V;0,0;V;0,0;V;0,0;V;0,0;V;0,0;V
28;16;1;81;28016001_81_89;2026;3;1;1,7;V;0,2;V;1,1;V;2,4;V;1,8;V;0,5;V;1,7;V;1,2;V;0,6;V;1,0;V;1,4;V;1,4;V;1,6;V;1,8;V;3,3;V;2,5;V;2,7;V;3,3;V;3,1;V;1,3;V;0,2;V;0,9;V;0,6;V;1,4;V
28;16;1;82;28016001_82_89;2026;3;1;78,0;V;9,0;V;335,0;V;342,0;V;356,0;V;355,0;V;355,0;V;360,0;V;348,0;V;337,0;V;102,0;V;31,0;V;100,0;V;98,0;V;125,0;V;118,0;V;214,0;V;237,0;V;248,0;V;288,0;V;354,0;V;355,0;V;237,0;V;200,0;V
28;16;1;83;28016001_83_89;2026;3;1;6,5;V;5,8;V;4,9;V;4,2;V;4,3;V;4,5;V;3,3;V;4,2;V;4,1;V;5,9;V;8,5;V;9,1;V;9,4;V;9,6;V;9,8;V;9,6;V;9,4;V;8,6;V;8,0;V;7,2;V;6,9;V;6,7;V;6,9;V;6,7;V
28;16;1;86;28016001_86_89;2026;3;1;70,0;V;73,0;V;76,0;V;79,0;V;79,0;V;79,0;V;82,0;V;80,0;V;81,0;V;77,0;V;69,0;V;68,0;V;66,0;V;64,0;V;61,0;V;60,0;V;63,0;V;66,0;V;67,0;V;70,0;V;71,0;V;72,0;V;71,0;V;73,0;V
28;16;1;87;28016001_87_89;2026;3;1;906,0;V;906,0;V;906,0;V;905,0;V;905,0;V;905,0;V;906,0;V;906,0;V;906,0;V;906,0;V;906,0;V;906,0;V;905,0;V;905,0;V;904,0;V;903,0;V;903,0;V;903,0;V;902,0;V;902,0;V;902,0;V;902,0;V;902,0;V;902,0;V
28;16;1;88;28016001_88_89;2026;3;1;0,0;V;0,0;V;0,0;V;0,0;V;0,0;V;0,0;V;0,0;V;22,0;V;68,0;V;251,0;V;469,0;V;359,0;V;316,0;V;272,0;V;421,0;V;307,0;V;232,0;V;34,0;V;0,0;V;0,0;V;0,0;V;0,0;V;0,0;V;0,0;V
28;16;1;89;28016001_89_89;2026;3;1;0,0;V;0,0;V;0,0;V;0,0;V;0,0;V;0,0;V;0,0;V;0,0;V;0,0;V;0,0;V;0,0;V;0,0;V;0,0;V;0,0;V;0,0;V;0,0;V;0,0;V;0,0;V;0,0;V;0,0;V;0,0;V;0,0;V;0,0;V;0,0;V
28;161;1;81;28161001_81_89;2026;3;1;0,4;V;0,9;V;1,0;V;0,5;V;0,9;V;0,4;V;0,6;V;1,1;V;1,9;V;1,9;V;2,0;V;1,9;V;2,4;V;2,2;V;1,8;V;1,5;V;1,4;V;1,9;V;1,5;V;1,1;V;0,7;V;1,4;V;1,7;V;1,3;V
28;161;1;82;28161001_82_89;2026;3;1;101,0;V;77,0;V;87,0;V;100,0;V;99,0;V;106,0;V;99,0;V;85,0;V;88,0;V;92,0;V;110,0;V;110,0;V;115,0;V;110,0;V;111,0;V;100,0;V;100,0;V;74,0;V;68,0;V;98,0;V;104,0;V;132,0;V;132,0;V;105,0;V
28;161;1;83;28161001_83_89;2026;3;1;8,5;V;8,8;V;8,6;V;7,5;V;6,6;V;6,1;V;6,2;V;7,2;V;9,3;V;9,7;V;10,8;V;12,0;V;13,1;V;13,8;V;14,6;V;15,7;V;15,2;V;13,9;V;12,3;V;11,2;V;10,0;V;9,5;V;9,1;V;8,3;V
28;161;1;86;28161001_86_89;2026;3;1;87,0;V;87,0;V;87,0;V;90,0;V;93,0;V;98,0;V;97,0;V;93,0;V;84,0;V;81,0;V;75,0;V;68,0;V;62,0;V;60,0;V;58,0;V;56,0;V;57,0;V;61,0;V;67,0;V;70,0;V;76,0;V;78,0;V;80,0;V;83,0;V
28;161;1;87;28161001_87_89;2026;3;1;952,0;V;952,0;V;952,0;V;952,0;V;952,0;V;952,0;V;952,0;V;952,0;V;953,0;V;953,0;V;953,0;V;952,0;V;952,0;V;951,0;V;950,0;V;949,0;V;949,0;V;948,0;V;948,0;V;948,0;V;948,0;V;948,0;V;948,0;V;948,0;V
28;161;1;88;28161001_88_89;2026;3;1;1,0;V;1,0;V;1,0;V;1,0;V;1,0;V;1,0;V;2,0;V;84,0;V;171,0;V;187,0;V;245,0;V;252,0;V;392,0;V;400,0;V;386,0;V;325,0;V;135,0;V;25,0;V;2,0;V;1,0;V;1,0;V;1,0;V;1,0;V;1,0;V
28;161;1;89;28161001_89_89;2026;3;1;0,0;V;0,0;V;0,0;V;0,0;V;0,0;V;0,0;V;0,0;V;0,0;V;0,0;V;0,0;V;0,0;V;0,0;V;0,0;V;0,0;V;0,0;V;0,0;V;0,0;V;0,0;V;0,0;V;0,0;V;0,0;V;0,0;V;0,0;V;0,0;V
28;171;1;81;28171001_81_89;2026;3;1;0,8;V;0,6;V;0,5;V;0,4;V;0,3;V;0,3;V;0,6;V;0,6;V;0,8;V;1,6;V;1,0;V;1,5;V;1,4;V;1,3;V;1,9;V;1,4;V;1,2;V;0,9;V;0,4;V;0,7;V;1,1;V;0,9;V;1,1;V;1,0;V
28;171;1;82;28171001_82_89;2026;3;1;41,0;V;54,0;V;61,0;V;47,0;V;51,0;V;46,0;V;43,0;V;46,0;V;55,0;V;79,0;V;100,0;V;100,0;V;79,0;V;106,0;V;87,0;V;94,0;V;83,0;V;61,0;V;45,0;V;39,0;V;38,0;V;46,0;V;40,0;V;44,0;V
28;171;1;83;28171001_83_89;2026;3;1;7,1;V;7,2;V;7,1;V;5,7;V;4,7;V;4,5;V;5,0;V;6,1;V;7,9;V;10,6;V;11,6;V;12,4;V;12,5;V;14,2;V;15,4;V;15,3;V;15,5;V;14,4;V;11,0;V;8,6;V;7,6;V;7,7;V;7,6;V;7,6;V
28;171;1;86;28171001_86_89;2026;3;1;74,0;V;79,0;V;79,0;V;83,0;V;86,0;V;88,0;V;89,0;V;88,0;V;82,0;V;69,0;V;63,0;V;59,0;V;58,0;V;53,0;V;50,0;V;50,0;V;49,0;V;52,0;V;62,0;V;70,0;V;76,0;V;77,0;V;75,0;V;77,0;V
28;171;1;87;28171001_87_89;2026;3;1;961,0;V;961,0;V;961,0;V;961,0;V;961,0;V;961,0;V;961,0;V;961,0;V;962,0;V;962,0;V;962,0;V;961,0;V;960,0;V;960,0;V;961,0;V;961,0;V;960,0;V;960,0;V;959,0;V;959,0;V;960,0;V;959,0;V;959,0;V;959,0;V
28;171;1;88;28171001_88_89;2026;3;1;2,0;V;2,0;V;2,0;V;2,0;V;2,0;V;2,0;V;3,0;V;20,0;V;110,0;V;309,0;V;279,0;V;242,0;V;167,0;V;399,0;V;500,0;V;343,0;V;251,0;V;82,0;V;3,0;V;2,0;V;2,0;V;2,0;V;2,0;V;2,0;V
28;171;1;89;28171001_89_89;2026;3;1;0,0;V;0,0;V;0,0;V;0,0;V;0,0;V;0,0;V;0,0;V;0,0;V;0,0;V;0,0;V;0,0;V;0,0;V;0,0;V;0,0;V;0,0;V;0,0;V;0,0;V;0,0;V;0,0;V;0,0;V;0,0;V;0,0;V;0,0;V;0,0;V
28;180;1;81;28180001_81_89;2026;3;1;0,8;V;1,4;V;1,1;V;0,5;V;0,7;V;0,8;V;0,3;V;0,2;V;1,1;V;1,4;V;2,2;V;2,2;V;1,8;V;1,9;V;1,4;V;1,3;V;0,5;V;0,7;V;0,5;V;1,7;V;2,1;V;2,9;V;2,7;V;2,6;V
28;180;1;82;28180001_82_89;2026;3;1;119,0;V;131,0;V;124,0;V;101,0;V;89,0;V;93,0;V;85,0;V;62,0;V;99,0;V;118,0;V;133,0;V;133,0;V;128,0;V;132,0;V;119,0;V;108,0;V;105,0;V;87,0;V;105,0;V;131,0;V;132,0;V;130,0;V;133,0;V;133,0;V
28;180;1;83;28180001_83_89;2026;3;1;7,7;V;7,4;V;7,1;V;6,5;V;6,8;V;6,8;V;6,0;V;7,3;V;9,2;V;10,6;V;10,9;V;11,0;V;11,1;V;11,8;V;12,9;V;13,5;V;15,1;V;13,6;V;10,7;V;9,7;V;8,6;V;7,9;V;7,2;V;6,8;V
28;180;1;86;28180001_86_89;2026;3;1;75,0;V;78,0;V;79,0;V;82,0;V;82,0;V;82,0;V;84,0;V;77,0;V;70,0;V;63,0;V;58,0;V;56,0;V;57,0;V;54,0;V;52,0;V;50,0;V;45,0;V;49,0;V;60,0;V;64,0;V;69,0;V;71,0;V;75,0;V;76,0;V
28;180;1;87;28180001_87_89;2026;3;1;937,0;V;937,0;V;937,0;V;937,0;V;937,0;V;937,0;V;937,0;V;937,0;V;938,0;V;938,0;V;938,0;V;938,0;V;937,0;V;936,0;V;936,0;V;935,0;V;934,0;V;934,0;V;934,0;V;934,0;V;934,0;V;934,0;V;934,0;V;933,0;V
28;180;1;88;28180001_88_89;2026;3;1;1,0;V;1,0;V;1,0;V;1,0;V;1,0;V;1,0;V;2,0;V;90,0;V;299,0;V;455,0;V;519,0;V;354,0;V;324,0;V;447,0;V;424,0;V;366,0;V;234,0;V;56,0;V;1,0;V;1,0;V;1,0;V;1,0;V;1,0;V;1,0;V
28;180;1;89;28180001_89_89;2026;3;1;0,0;V;0,0;V;0,0;V;0,0;V;0,0;V;0,0;V;0,0;V;0,0;V;0,0;V;0,0;V;0,0;V;0,0;V;0,0;V;0,0;V;0,0;V;0,0;V;0,0;V;0,0;V;0,0;V;0,0;V;0,0;V;0,0;V;0,0;V;0,0;V
28;45;2;81;28045002_81_89;2026;3;1;0,7;V;0,5;V;0,5;V;0,7;V;1,2;V;0,6;V;0,8;V;0,8;V;0,8;V;1,1;V;1,2;V;1,4;V;1,7;V;1,5;V;1,5;V;1,7;V;1,1;V;1,0;V;0,6;V;0,7;V;0,3;V;0,2;V;0,6;V;0,6;V
28;45;2;82;28045002_82_89;2026;3;1;47,0;V;62,0;V;74,0;V;65,0;V;68,0;V;112,0;V;227,0;V;239,0;V;231,0;V;226,0;V;204,0;V;184,0;V;180,0;V;177,0;V;162,0;V;162,0;V;161,0;V;155,0;V;104,0;V;50,0;V;11,0;V;10,0;V;98,0;V;117,0;V
28;45;2;83;28045002_83_89;2026;3;1;7,6;V;7,9;V;7,6;V;7,2;V;6,8;V;6,7;V;6,7;V;6,8;V;7,1;V;7,5;V;8,5;V;9,3;V;9,6;V;10,1;V;10,9;V;10,7;V;10,7;V;10,7;V;9,3;V;8,3;V;7,9;V;8,3;V;8,4;V;7,8;V
28;45;2;86;28045002_86_89;2026;3;1;69,0;V;69,0;V;69,0;V;70,0;V;71,0;V;73,0;V;75,0;V;77,0;V;76,0;V;75,0;V;72,0;V;69,0;V;66,0;V;64,0;V;59,0;V;59,0;V;59,0;V;58,0;V;63,0;V;66,0;V;68,0;V;68,0;V;67,0;V;72,0;V
28;45;2;87;28045002_87_89;2026;3;1;922,0;V;922,0;V;922,0;V;922,0;V;922,0;V;922,0;V;922,0;V;922,0;V;922,0;V;922,0;V;922,0;V;922,0;V;922,0;V;921,0;V;920,0;V;919,0;V;918,0;V;918,0;V;918,0;V;918,0;V;918,0;V;918,0;V;918,0;V;918,0;V
28;45;2;88;28045002_88_89;2026;3;1;1,0;V;1,0;V;1,0;V;1,0;V;1,0;V;1,0;V;2,0;V;21,0;V;78,0;V;260,0;V;448,0;V;518,0;V;365,0;V;510,0;V;468,0;V;306,0;V;168,0;V;49,0;V;3,0;V;1,0;V;1,0;V;1,0;V;1,0;V;1,0;V
28;45;2;89;28045002_89_89;2026;3;1;0,0;V;0,0;V;0,0;V;0,0;V;0,0;V;0,0;V;0,0;V;0,0;V;0,0;V;0,0;V;0,0;V;0,0;V;0,0;V;0,0;V;0,0;V;0,0;V;0,0;V;0,0;V;0,0;V;0,0;V;0,0;V;0,0;V;0,0;V;0,0;V
28;47;2;81;28047002_81_89;2026;3;1;0,3;V;0,7;V;0,7;V;0,8;V;0,5;V;0,7;V;0,5;V;0,4;V;0,6;V;0,9;V;0,7;V;0,7;V;0,7;V;0,7;V;1,1;V;1,0;V;1,0;V;0,9;V;0,4;V;0,4;V;0,7;V;0,4;V;0,2;V;0,2;V
28;47;2;82;28047002_82_89;2026;3;1;75,0;V;44,0;V;47,0;V;51,0;V;93,0;V;113,0;V;118,0;V;153,0;V;233,0;V;208,0;V;162,0;V;208,0;V;146,0;V;185,0;V;215,0;V;163,0;V;169,0;V;140,0;V;135,0;V;320,0;V;192,0;V;289,0;V;326,0;V;232,0;V
28;47;2;83;28047002_83_89;2026;3;1;8,8;V;8,6;V;8,2;V;8,1;V;8,0;V;7,8;V;7,7;V;7,6;V;7,9;V;8,3;V;9,0;V;9,5;V;10,2;V;11,3;V;11,3;V;11,7;V;11,6;V;10,9;V;9,7;V;8,0;V;6,8;V;6,9;V;7,3;V;7,7;V
28;47;2;86;28047002_86_89;2026;3;1;63,0;V;65,0;V;67,0;V;67,0;V;67,0;V;69,0;V;70,0;V;72,0;V;72,0;V;70,0;V;67,0;V;65,0;V;63,0;V;56,0;V;56,0;V;52,0;V;53,0;V;56,0;V;63,0;V;69,0;V;73,0;V;72,0;V;71,0;V;70,0;V
28;47;2;87;28047002_87_89;2026;3;1;924,0;V;924,0;V;924,0;V;923,0;V;923,0;V;923,0;V;924,0;V;924,0;V;924,0;V;924,0;V;924,0;V;924,0;V;924,0;V;922,0;V;922,0;V;921,0;V;921,0;V;920,0;V;920,0;V;920,0;V;920,0;V;920,0;V;920,0;V;920,0;V
28;47;2;88;28047002_88_89;2026;3;1;0,0;V;0,0;V;0,0;V;0,0;V;0,0;V;0,0;V;0,0;V;18,0;V;66,0;V;145,0;V;209,0;V;211,0;V;219,0;V;301,0;V;264,0;V;323,0;V;198,0;V;63,0;V;1,0;V;0,0;V;0,0;V;0,0;V;0,0;V;0,0;V
28;47;2;89;28047002_89_89;2026;3;1;0,0;V;0,0;V;0,0;V;0,0;V;0,0;V;0,0;V;0,0;V;0,0;V;0,0;V;0,0;V;0,0;V;0,0;V;0,0;V;0,0;V;0,0;V;0,0;V;0,0;V;0,0;V;0,0;V;0,0;V;0,0;V;0,0;V;0,0;V;0,0;V
28;49;3;81;28049003_81_89;2026;3;1;0,9;V;1,1;V;1,0;V;0,8;V;0,6;V;0,7;V;0,7;V;1,0;V;0,9;V;0,8;V;1,0;V;0,9;V;1,1;V;1,3;V;1,1;V;0,9;V;0,8;V;0,5;V;0,4;V;0,3;V;0,3;V;0,3;V;0,5;V;0,7;V
28;49;3;82;28049003_82_89;2026;3;1;106,0;V;53,0;V;51,0;V;44,0;V;11,0;V;43,0;V;42,0;V;328,0;V;339,0;V;332,0;V;125,0;V;221,0;V;139,0;V;156,0;V;130,0;V;115,0;V;100,0;V;65,0;V;26,0;V;6,0;V;20,0;V;16,0;V;59,0;V;103,0;V
28;49;3;83;28049003_83_89;2026;3;1;9,6;V;8,9;V;8,2;V;7,9;V;7,9;V;7,9;V;7,8;V;7,8;V;8,6;V;10,0;V;11,9;V;12,2;V;12,9;V;13,1;V;13,9;V;14,1;V;15,9;V;14,2;V;11,6;V;10,1;V;9,0;V;9,0;V;9,5;V;9,0;V
28;49;3;86;28049003_86_89;2026;3;1;66,0;V;65,0;V;68,0;V;69,0;V;69,0;V;70,0;V;71,0;V;73,0;V;68,0;V;64,0;V;60,0;V;59,0;V;54,0;V;52,0;V;48,0;V;48,0;V;43,0;V;47,0;V;57,0;V;63,0;V;67,0;V;68,0;V;67,0;V;69,0;V
28;49;3;87;28049003_87_89;2026;3;1;955,0;V;955,0;V;954,0;V;954,0;V;954,0;V;954,0;V;954,0;V;955,0;V;956,0;V;956,0;V;956,0;V;955,0;V;954,0;V;953,0;V;951,0;V;950,0;V;950,0;V;948,0;V;948,0;V;948,0;V;949,0;V;949,0;V;949,0;V;948,0;V
28;49;3;88;28049003_88_89;2026;3;1;0,0;V;0,0;V;0,0;V;0,0;V;0,0;V;0,0;V;0,0;V;22,0;V;99,0;V;242,0;V;377,0;V;273,0;V;319,0;V;299,0;V;344,0;V;261,0;V;234,0;V;51,0;V;0,0;V;0,0;V;0,0;V;0,0;V;0,0;V;0,0;V
28;49;3;89;28049003_89_89;2026;3;1;0,0;V;0,0;V;0,0;V;0,0;V;0,0;V;0,0;V;0,0;V;0,0;V;0,0;V;0,0;V;0,0;V;0,0;V;0,0;V;0,0;V;0,0;V;0,0;V;0,0;V;0,0;V;0,0;V;0,0;V;0,0;V;0,0;V;0,0;V;0,0;V
28;5;2;81;28005002_81_89;2026;3;1;1,0;V;1,2;V;1,4;V;1,0;V;0,8;V;1,0;V;0,4;V;0,5;V;0,3;V;0,4;V;0,3;V;0,5;V;1,1;V;1,8;V;1,4;V;0,7;V;0,5;V;0,2;V;0,3;V;0,4;V;0,4;V;0,8;V;0,7;V;0,7;V
28;5;2;82;28005002_82_89;2026;3;1;60,0;V;78,0;V;72,0;V;64,0;V;55,0;V;64,0;V;61,0;V;15,0;V;49,0;V;70,0;V;125,0;V;172,0;V;190,0;V;195,0;V;196,0;V;234,0;V;277,0;V;315,0;V;118,0;V;155,0;V;151,0;V;121,0;V;169,0;V;216,0;V
28;5;2;83;28005002_83_89;2026;3;1;8,9;V;8,0;V;7,8;V;7,7;V;7,8;V;7,6;V;7,7;V;8,1;V;8,9;V;9,8;V;11,4;V;11,9;V;12,2;V;12,6;V;12,8;V;13,3;V;13,4;V;13,1;V;11,6;V;10,0;V;8,9;V;8,9;V;9,1;V;8,8;V
28;5;2;86;28005002_86_89;2026;3;1;69,0;V;72,0;V;73,0;V;73,0;V;74,0;V;75,0;V;75,0;V;74,0;V;73,0;V;71,0;V;66,0;V;64,0;V;62,0;V;59,0;V;57,0;V;56,0;V;56,0;V;57,0;V;63,0;V;70,0;V;72,0;V;74,0;V;72,0;V;73,0;V
28;5;2;87;28005002_87_89;2026;3;1;962,0;V;962,0;V;962,0;V;961,0;V;961,0;V;961,0;V;961,0;V;962,0;V;962,0;V;962,0;V;962,0;V;962,0;V;961,0;V;960,0;V;960,0;V;959,0;V;958,0;V;958,0;V;958,0;V;957,0;V;958,0;V;958,0;V;957,0;V;957,0;V
28;5;2;88;28005002_88_89;2026;3;1;0,0;V;0,0;V;0,0;V;0,0;V;0,0;V;0,0;V;1,0;V;31,0;V;112,0;V;200,0;V;284,0;V;226,0;V;259,0;V;280,0;V;268,0;V;236,0;V;108,0;V;24,0;V;1,0;V;0,0;V;0,0;V;0,0;V;0,0;V;0,0;V
28;5;2;89;28005002_89_89;2026;3;1;0,0;V;0,0;V;0,0;V;0,0;V;0,0;V;0,0;V;0,0;V;0,0;V;0,0;V;0,0;V;0,0;V;0,0;V;0,0;V;0,0;V;0,0;V;0,0;V;0,0;V;0,0;V;0,0;V;0,0;V;0,0;V;0,0;V;0,0;V;0,0;V
28;58;4;81;28058004_81_89;2026;3;1;1,7;V;1,5;V;1,4;V;1,2;V;1,6;V;1,8;V;1,5;V;2,1;V;2,4;V;2,8;V;3,5;V;3,3;V;3,5;V;2,5;V;2,6;V;2,0;V;1,7;V;1,8;V;1,5;V;1,6;V;1,9;V;1,9;V;2,1;V;2,0;V
28;58;4;82;28058004_82_89;2026;3;1;67,0;V;89,0;V;102,0;V;92,0;V;83,0;V;93,0;V;91,0;V;75,0;V;114,0;V;117,0;V;116,0;V;122,0;V;117,0;V;106,0;V;109,0;V;110,0;V;106,0;V;101,0;V;88,0;V;99,0;V;85,0;V;106,0;V;96,0;V;96,0;V
28;58;4;83;28058004_83_89;2026;3;1;9,1;V;9,5;V;9,1;V;8,3;V;7,8;V;7,3;V;7,4;V;8,2;V;9,0;V;10,2;V;11,7;V;12,8;V;13,5;V;13,5;V;14,0;V;14,6;V;14,3;V;13,3;V;12,0;V;11,4;V;10,9;V;10,0;V;9,1;V;8,6;V
28;58;4;86;28058004_86_89;2026;3;1;74,0;V;73,0;V;74,0;V;73,0;V;74,0;V;78,0;V;79,0;V;77,0;V;73,0;V;67,0;V;62,0;V;56,0;V;52,0;V;51,0;V;50,0;V;48,0;V;49,0;V;52,0;V;57,0;V;59,0;V;61,0;V;65,0;V;70,0;V;72,0;V
28;58;4;87;28058004_87_89;2026;3;1;946,0;V;946,0;V;946,0;V;946,0;V;946,0;V;946,0;V;946,0;V;946,0;V;947,0;V;947,0;V;947,0;V;947,0;V;946,0;V;945,0;V;944,0;V;943,0;V;943,0;V;942,0;V;942,0;V;942,0;V;942,0;V;942,0;V;942,0;V;942,0;V
28;58;4;88;28058004_88_89;2026;3;1;5,0;V;5,0;V;5,0;V;5,0;V;5,0;V;5,0;V;5,0;V;31,0;V;88,0;V;240,0;V;551,0;V;524,0;V;569,0;V;352,0;V;369,0;V;379,0;V;204,0;V;61,0;V;3,0;V;3,0;V;4,0;V;4,0;V;4,0;V;4,0;V
28;58;4;89;28058004_89_89;2026;3;1;0,0;V;0,0;V;0,0;V;0,0;V;0,0;V;0,0;V;0,0;V;0,0;V;0,0;V;0,0;V;0,0;V;0,0;V;0,0;V;0,0;V;0,0;V;0,0;V;0,0;V;0,0;V;0,0;V;0,0;V;0,0;V;0,0;V;0,0;V;0,0;V
28;6;4;81;28006004_81_89;2026;3;1;0,5;V;0,1;V;0,1;V;0,1;V;0,1;V;0,1;V;0,1;V;0,1;V;0,1;V;0,1;V;0,1;V;0,1;V;0,1;V;0,1;V;0,1;V;0,1;V;0,1;V;0,1;V;0,1;V;0,1;V;0,1;V;0,1;V;0,1;V;0,1;V
28;6;4;82;28006004_82_89;2026;3;1;54,0;V;58,0;V;77,0;V;70,0;V;65,0;V;62,0;V;56,0;V;75,0;V;74,0;V;75,0;V;134,0;V;161,0;V;144,0;V;168,0;V;171,0;V;148,0;V;174,0;V;150,0;V;91,0;V;74,0;V;104,0;V;141,0;V;132,0;V;125,0;V
28;6;4;83;28006004_83_89;2026;3;1;8,6;V;8,3;V;8,4;V;8,2;V;8,1;V;7,7;V;7,4;V;7,5;V;7,8;V;9,2;V;10,7;V;11,0;V;11,7;V;11,9;V;12,2;V;12,5;V;12,4;V;12,1;V;11,5;V;10,9;V;9,4;V;8,7;V;9,3;V;8,9;V
28;6;4;86;28006004_86_89;2026;3;1;67,0;V;67,0;V;66,0;V;68,0;V;68,0;V;71,0;V;72,0;V;71,0;V;70,0;V;65,0;V;62,0;V;62,0;V;59,0;V;57,0;V;55,0;V;53,0;V;52,0;V;53,0;V;55,0;V;58,0;V;64,0;V;68,0;V;67,0;V;69,0;V
28;6;4;87;28006004_87_89;2026;3;1;951,0;V;951,0;V;951,0;V;951,0;V;951,0;V;951,0;V;951,0;V;951,0;V;952,0;V;952,0;V;952,0;V;952,0;V;951,0;V;950,0;V;949,0;V;949,0;V;948,0;V;948,0;V;947,0;V;947,0;V;947,0;V;948,0;V;947,0;V;947,0;V
28;6;4;88;28006004_88_89;2026;3;1;9,0;V;9,0;V;8,0;V;9,0;V;9,0;V;11,0;V;12,0;V;33,0;V;116,0;V;314,0;V;518,0;V;359,0;V;303,0;V;263,0;V;265,0;V;275,0;V;125,0;V;45,0;V;6,0;V;6,0;V;9,0;V;8,0;V;7,0;V;8,0;V
28;6;4;89;28006004_89_89;2026;3;1;0,0;V;0,0;V;0,0;V;0,0;V;0,0;V;0,0;V;0,0;V;0,0;V;0,0;V;0,0;V;0,0;V;0,0;V;0,0;V;0,0;V;0,0;V;0,0;V;0,0;V;0,0;V;0,0;V;0,0;V;0,0;V;0,0;V;0,0;V;0,0;V
28;65;14;81;28065014_81_89;2026;3;1;0,2;V;0,3;V;0,6;V;0,3;V;0,4;V;0,3;V;0,3;V;0,4;V;0,6;V;1,1;V;1,3;V;1,3;V;1,4;V;1,0;V;1,0;V;1,0;V;0,6;V;0,6;V;0,4;V;0,2;V;0,3;V;0,3;V;0,1;V;0,1;V
28;65;14;82;28065014_82_89;2026;3;1;121,0;V;110,0;V;94,0;V;108,0;V;93,0;V;107,0;V;114,0;V;92,0;V;98,0;V;117,0;V;120,0;V;120,0;V;123,0;V;113,0;V;109,0;V;105,0;V;115,0;V;107,0;V;92,0;V;100,0;V;99,0;V;115,0;V;140,0;V;130,0;V
28;65;14;83;28065014_83_89;2026;3;1;9,2;V;9,5;V;9,1;V;8,2;V;7,7;V;7,4;V;7,6;V;8,1;V;9,1;V;10,7;V;11,4;V;13,0;V;14,0;V;13,0;V;13,2;V;13,8;V;13,6;V;12,6;V;11,7;V;10,9;V;10,2;V;9,3;V;8,5;V;7,8;V
28;65;14;86;28065014_86_89;2026;3;1;75,0;V;73,0;V;69,0;V;71,0;V;74,0;V;77,0;V;79,0;V;75,0;V;71,0;V;64,0;V;61,0;V;53,0;V;49,0;V;51,0;V;50,0;V;49,0;V;49,0;V;52,0;V;56,0;V;59,0;V;62,0;V;68,0;V;73,0;V;77,0;V
28;65;14;87;28065014_87_89;2026;3;1;955,0;V;955,0;V;955,0;V;955,0;V;955,0;V;955,0;V;955,0;V;956,0;V;956,0;V;956,0;V;956,0;V;956,0;V;955,0;V;954,0;V;953,0;V;953,0;V;952,0;V;951,0;V;951,0;V;951,0;V;951,0;V;951,0;V;951,0;V;951,0;V
28;65;14;88;28065014_88_89;2026;3;1;0,0;V;0,0;V;0,0;V;0,0;V;0,0;V;0,0;V;0,0;V;28,0;V;116,0;V;333,0;V;553,0;V;624,0;V;547,0;V;260,0;V;253,0;V;347,0;V;274,0;V;32,0;V;0,0;V;0,0;V;0,0;V;0,0;V;0,0;V;0,0;V
28;65;14;89;28065014_89_89;2026;3;1;0,0;V;0,0;V;0,0;V;0,0;V;0,0;V;0,0;V;0,0;V;0,0;V;0,0;V;0,0;V;0,0;V;0,0;V;0,0;V;0,0;V;0,0;V;0,0;V;0,0;V;0,0;V;0,0;V;0,0;V;0,0;V;0,0;V;0,0;V;0,0;V
28;67;1;81;28067001_81_89;2026;3;1;0,4;V;0,4;V;0,3;V;0,3;V;0,1;V;0,1;V;0,3;V;0,2;V;0,2;V;1,2;V;2,0;V;2,0;V;1,7;V;1,8;V;1,8;V;2,0;V;1,7;V;1,1;V;0,4;V;0,4;V;0,3;V;0,2;V;0,7;V;0,8;V
28;67;1;82;28067001_82_89;2026;3;1;302,0;V;309,0;V;179,0;V;114,0;V;165,0;V;36,0;V;168,0;V;143,0;V;66,0;V;214,0;V;245,0;V;233,0;V;237,0;V;249,0;V;226,0;V;201,0;V;203,0;V;195,0;V;272,0;V;21,0;V;193,0;V;143,0;V;14,0;V;184,0;V
28;67;1;83;28067001_83_89;2026;3;1;4,9;V;4,2;V;3,6;V;4,0;V;4,1;V;4,6;V;4,8;V;5,5;V;6,8;V;8,4;V;8,9;V;9,9;V;10,4;V;10,7;V;10,8;V;11,3;V;11,5;V;10,2;V;8,6;V;6,2;V;4,4;V;4,4;V;5,4;V;7,3;V
28;67;1;86;28067001_86_89;2026;3;1;82,0;V;85,0;V;86,0;V;86,0;V;86,0;V;85,0;V;85,0;V;85,0;V;79,0;V;75,0;V;75,0;V;70,0;V;62,0;V;62,0;V;62,0;V;60,0;V;59,0;V;64,0;V;69,0;V;78,0;V;84,0;V;85,0;V;83,0;V;78,0;V
28;67;1;87;28067001_87_89;2026;3;1;928,0;V;927,0;V;927,0;V;927,0;V;927,0;V;927,0;V;927,0;V;927,0;V;928,0;V;928,0;V;928,0;V;927,0;V;927,0;V;926,0;V;925,0;V;924,0;V;924,0;V;924,0;V;924,0;V;924,0;V;924,0;V;924,0;V;924,0;V;923,0;V
28;67;1;88;28067001_88_89;2026;3;1;1,0;V;1,0;V;1,0;V;1,0;V;1,0;V;1,0;V;1,0;V;16,0;V;135,0;V;286,0;V;304,0;V;385,0;V;397,0;V;331,0;V;394,0;V;358,0;V;311,0;V;41,0;V;1,0;V;1,0;V;1,0;V;1,0;V;1,0;V;1,0;V
28;67;1;89;28067001_89_89;2026;3;1;0,0;V;0,0;V;0,0;V;0,0;V;0,0;V;0,0;V;0,0;V;0,0;V;0,0;V;0,0;V;0,0;V;0,0;V;0,0;V;0,0;V;0,0;V;0,0;V;0,0;V;0,0;V;0,0;V;0,0;V;0,0;V;0,0;V;0,0;V;0,0;V
28;7;4;81;28007004_81_89;2026;3;1;1,1;V;1,1;V;0,8;V;0,9;V;1,1;V;1,2;V;1,0;V;1,1;V;1,6;V;2,6;V;3,0;V;2,7;V;2,7;V;2,2;V;1,9;V;1,6;V;1,4;V;1,3;V;1,1;V;1,0;V;1,2;V;1,7;V;2,2;V;2,2;V
28;7;4;82;28007004_82_89;2026;3;1;91,0;V;74,0;V;50,0;V;92,0;V;96,0;V;104,0;V;88,0;V;85,0;V;102,0;V;128,0;V;128,0;V;121,0;V;130,0;V;127,0;V;125,0;V;135,0;V;116,0;V;110,0;V;92,0;V;84,0;V;91,0;V;102,0;V;115,0;V;118,0;V
28;7;4;83;28007004_83_89;2026;3;1;10,0;V;10,2;V;9,6;V;9,4;V;9,0;V;8,5;V;8,4;V;8,9;V;9,6;V;10,4;V;11,9;V;12,9;V;13,4;V;13,2;V;13,7;V;14,1;V;14,7;V;13,8;V;12,6;V;12,0;V;11,7;V;11,1;V;10,4;V;9,7;V
28;7;4;86;28007004_86_89;2026;3;1;80,0;V;76,0;V;74,0;V;74,0;V;76,0;V;83,0;V;85,0;V;82,0;V;74,0;V;70,0;V;61,0;V;57,0;V;53,0;V;54,0;V;52,0;V;49,0;V;48,0;V;53,0;V;59,0;V;62,0;V;63,0;V;66,0;V;70,0;V;74,0;V
28;7;4;87;28007004_87_89;2026;3;1;941,0;V;940,0;V;940,0;V;940,0;V;940,0;V;940,0;V;940,0;V;940,0;V;941,0;V;941,0;V;941,0;V;941,0;V;940,0;V;939,0;V;938,0;V;938,0;V;937,0;V;936,0;V;936,0;V;936,0;V;936,0;V;936,0;V;936,0;V;936,0;V
28;7;4;88;28007004_88_89;2026;3;1;3,0;V;3,0;V;3,0;V;3,0;V;3,0;V;3,0;V;3,0;V;32,0;V;91,0;V;222,0;V;579,0;V;566,0;V;561,0;V;302,0;V;366,0;V;346,0;V;255,0;V;74,0;V;4,0;V;3,0;V;3,0;V;3,0;V;3,0;V;3,0;V
28;7;4;89;28007004_89_89;2026;3;1;0,0;V;0,0;V;0,0;V;0,0;V;0,0;V;0,0;V;0,0;V;0,0;V;0,0;V;0,0;V;0,0;V;0,0;V;0,0;V;0,0;V;0,0;V;0,0;V;0,0;V;0,0;V;0,0;V;0,0;V;0,0;V;0,0;V;0,0;V;0,0;V
28;74;7;81;28074007_81_89;2026;3;1;0,3;V;0,4;V;0,5;V;0,2;V;0,3;V;0,2;V;0,2;V;0,4;V;0,8;V;0,9;V;1,0;V;1,4;V;1,1;V;1,1;V;0,8;V;1,1;V;0,6;V;0,5;V;0,3;V;0,2;V;0,2;V;0,2;V;0,3;V;0,2;V
28;74;7;82;28074007_82_89;2026;3;1;105,0;V;92,0;V;96,0;V;79,0;V;90,0;V;74,0;V;340,0;V;69,0;V;97,0;V;235,0;V;277,0;V;290,0;V;265,0;V;296,0;V;111,0;V;102,0;V;52,0;V;76,0;V;108,0;V;67,0;V;80,0;V;86,0;V;93,0;V;80,0;V
28;74;7;83;28074007_83_89;2026;3;1;11,2;V;11,5;V;10,9;V;10,5;V;9,9;V;9,3;V;8,9;V;9,9;V;11,1;V;12,9;V;15,4;V;15,3;V;15,3;V;15,5;V;15,9;V;16,4;V;17,3;V;15,2;V;13,6;V;12,7;V;12,0;V;11,5;V;10,7;V;10,4;V
28;74;7;86;28074007_86_89;2026;3;1;74,0;V;72,0;V;68,0;V;70,0;V;74,0;V;78,0;V;81,0;V;77,0;V;70,0;V;63,0;V;54,0;V;54,0;V;52,0;V;51,0;V;49,0;V;49,0;V;49,0;V;52,0;V;57,0;V;62,0;V;67,0;V;68,0;V;72,0;V;74,0;V
28;74;7;87;28074007_87_89;2026;3;1;956,0;V;956,0;V;956,0;V;956,0;V;956,0;V;955,0;V;956,0;V;956,0;V;957,0;V;957,0;V;956,0;V;956,0;V;956,0;V;955,0;V;954,0;V;953,0;V;953,0;V;952,0;V;952,0;V;952,0;V;952,0;V;952,0;V;952,0;V;952,0;V
28;74;7;88;28074007_88_89;2026;3;1;4,0;V;4,0;V;4,0;V;4,0;V;5,0;V;5,0;V;5,0;V;32,0;V;106,0;V;243,0;V;484,0;V;379,0;V;318,0;V;287,0;V;249,0;V;309,0;V;230,0;V;44,0;V;4,0;V;4,0;V;4,0;V;4,0;V;4,0;V;4,0;V
28;74;7;89;28074007_89_89;2026;3;1;0,0;V;0,0;V;0,0;V;0,0;V;0,0;V;0,0;V;0,0;V;0,0;V;0,0;V;0,0;V;0,0;V;0,0;V;0,0;V;0,0;V;0,0;V;0,0;V;0,0;V;0,0;V;0,0;V;0,0;V;0,0;V;0,0;V;0,0;V;0,0;V
28;80;3;81;28080003_81_89;2026;3;1;2,4;V;1,9;V;1,9;V;2,1;V;1,8;V;1,0;V;1,0;V;0,6;V;1,4;V;1,8;V;2,0;V;2,0;V;1,9;V;1,8;V;2,4;V;1,7;V;1,7;V;1,1;V;1,1;V;1,5;V;1,7;V;1,7;V;1,5;V;1,3;V
28;80;3;82;28080003_82_89;2026;3;1;61,0;V;66,0;V;71,0;V;61,0;V;62,0;V;61,0;V;105,0;V;170,0;V;90,0;V;129,0;V;138,0;V;138,0;V;149,0;V;131,0;V;176,0;V;169,0;V;189,0;V;153,0;V;82,0;V;68,0;V;65,0;V;62,0;V;90,0;V;78,0;V
28;80;3;83;28080003_83_89;2026;3;1;8,6;V;8,4;V;8,2;V;7,9;V;7,6;V;7,2;V;7,1;V;7,9;V;8,0;V;9,3;V;10,6;V;11,0;V;11,1;V;12,0;V;12,5;V;12,7;V;13,0;V;12,5;V;11,2;V;10,4;V;9,5;V;9,2;V;9,1;V;8,5;V
28;80;3;86;28080003_86_89;2026;3;1;69,0;V;68,0;V;69,0;V;69,0;V;71,0;V;73,0;V;74,0;V;74,0;V;73,0;V;69,0;V;65,0;V;63,0;V;63,0;V;59,0;V;56,0;V;54,0;V;53,0;V;54,0;V;58,0;V;61,0;V;64,0;V;66,0;V;68,0;V;71,0;V
28;80;3;87;28080003_87_89;2026;3;1;943,0;V;942,0;V;942,0;V;942,0;V;942,0;V;942,0;V;942,0;V;943,0;V;943,0;V;943,0;V;943,0;V;942,0;V;942,0;V;941,0;V;940,0;V;940,0;V;939,0;V;939,0;V;939,0;V;939,0;V;939,0;V;939,0;V;938,0;V;938,0;V
28;80;3;88;28080003_88_89;2026;3;1;1,0;V;1,0;V;1,0;V;1,0;V;1,0;V;1,0;V;1,0;V;26,0;V;147,0;V;403,0;V;414,0;V;334,0;V;251,0;V;439,0;V;506,0;V;273,0;V;153,0;V;27,0;V;1,0;V;1,0;V;1,0;V;1,0;V;1,0;V;1,0;V
28;80;3;89;28080003_89_89;2026;3;1;0,0;V;0,0;V;0,0;V;0,0;V;0,0;V;0,0;V;0,0;V;0,0;V;0,0;V;0,0;V;0,0;V;0,0;V;0,0;V;0,0;V;0,0;V;0,0;V;0,0;V;0,0;V;0,0;V;0,0;V;0,0;V;0,0;V;0,0;V;0,0;V
28;9;1;81;28009001_81_89;2026;3;1;1,8;V;1,8;V;1,8;V;0,6;V;0,1;V;0,1;V;0,8;V;0,9;V;0,2;V;0,4;V;0,9;V;1,2;V;1,8;V;2,3;V;2,6;V;2,4;V;2,2;V;1,1;V;0,2;V;0,3;V;0,3;V;1,1;V;2,1;V;2,5;V
28;9;1;82;28009001_82_89;2026;3;1;42,0;V;52,0;V;56,0;V;43,0;V;29,0;V;38,0;V;52,0;V;51,0;V;60,0;V;111,0;V;130,0;V;204,0;V;184,0;V;172,0;V;176,0;V;170,0;V;172,0;V;147,0;V;130,0;V;99,0;V;107,0;V;151,0;V;159,0;V;169,0;V
28;9;1;83;28009001_83_89;2026;3;1;7,1;V;6,8;V;7,0;V;7,1;V;6,8;V;6,5;V;5,3;V;5,4;V;6,7;V;9,1;V;10,0;V;11,1;V;11,1;V;11,2;V;11,5;V;12,0;V;11,9;V;11,5;V;10,7;V;10,3;V;10,2;V;9,6;V;8,9;V;8,5;V
28;9;1;86;28009001_86_89;2026;3;1;64,0;V;67,0;V;69,0;V;70,0;V;71,0;V;72,0;V;72,0;V;74,0;V;76,0;V;75,0;V;73,0;V;70,0;V;66,0;V;64,0;V;61,0;V;59,0;V;56,0;V;54,0;V;55,0;V;57,0;V;58,0;V;59,0;V;61,0;V;64,0;V
28;9;1;87;28009001_87_89;2026;3;1;942,0;V;942,0;V;942,0;V;941,0;V;941,0;V;941,0;V;941,0;V;942,0;V;942,0;V;942,0;V;942,0;V;942,0;V;941,0;V;940,0;V;940,0;V;939,0;V;938,0;V;938,0;V;938,0;V;938,0;V;938,0;V;938,0;V;938,0;V;938,0;V
28;9;1;88;28009001_88_89;2026;3;1;0,0;V;0,0;V;0,0;V;0,0;V;0,0;V;0,0;V;1,0;V;34,0;V;124,0;V;315,0;V;319,0;V;674,0;V;326,0;V;308,0;V;315,0;V;383,0;V;240,0;V;73,0;V;1,0;V;0,0;V;0,0;V;0,0;V;0,0;V;0,0;V
28;9;1;89;28009001_89_89;2026;3;1;0,0;V;0,0;V;0,0;V;0,0;V;0,0;V;0,0;V;0,0;V;0,0;V;0,0;V;0,0;V;0,0;V;0,0;V;0,0;V;0,0;V;0,0;V;0,0;V;0,0;V;0,0;V;0,0;V;0,0;V;0,0;V;0,0;V;0,0;V;0,0;V
28;92;5;81;28092005_81_89;2026;3;1;0,4;V;0,7;V;0,7;V;0,2;V;0,3;V;0,8;V;0,3;V;0,5;V;1,2;V;2,0;V;2,6;V;1,9;V;2,1;V;1,9;V;1,2;V;0,9;V;1,1;V;0,9;V;0,5;V;0,3;V;0,5;V;1,4;V;2,0;V;2,2;V
28;92;5;82;28092005_82_89;2026;3;1;83,0;V;49,0;V;20,0;V;64,0;V;81,0;V;93,0;V;55,0;V;24,0;V;103,0;V;115,0;V;133,0;V;109,0;V;113,0;V;123,0;V;93,0;V;105,0;V;144,0;V;93,0;V;84,0;V;67,0;V;88,0;V;98,0;V;108,0;V;105,0;V
28;92;5;83;28092005_83_89;2026;3;1;9,8;V;10,2;V;9,7;V;8,5;V;8,4;V;8,2;V;7,8;V;8,5;V;9,9;V;10,9;V;13,2;V;14,2;V;14,3;V;14,0;V;14,8;V;16,0;V;16,0;V;14,4;V;12,4;V;11,6;V;11,0;V;11,3;V;10,5;V;9,7;V
28;92;5;86;28092005_86_89;2026;3;1;75,0;V;73,0;V;71,0;V;75,0;V;75,0;V;79,0;V;82,0;V;80,0;V;72,0;V;68,0;V;58,0;V;54,0;V;52,0;V;52,0;V;50,0;V;46,0;V;45,0;V;52,0;V;59,0;V;62,0;V;65,0;V;64,0;V;68,0;V;70,0;V
28;92;5;87;28092005_87_89;2026;3;1;947,0;V;947,0;V;947,0;V;946,0;V;946,0;V;946,0;V;947,0;V;947,0;V;947,0;V;947,0;V;947,0;V;947,0;V;946,0;V;945,0;V;945,0;V;944,0;V;943,0;V;943,0;V;943,0;V;942,0;V;943,0;V;943,0;V;942,0;V;942,0;V
28;92;5;88;28092005_88_89;2026;3;1;2,0;V;2,0;V;2,0;V;2,0;V;2,0;V;2,0;V;3,0;V;35,0;V;98,0;V;257,0;V;577,0;V;492,0;V;449,0;V;307,0;V;295,0;V;379,0;V;251,0;V;70,0;V;3,0;V;2,0;V;2,0;V;2,0;V;2,0;V;2,0;V
28;92;5;89;28092005_89_89;2026;3;1;0,0;V;0,0;V;0,0;V;0,0;V;0,0;V;0,0;V;0,0;V;0,0;V;0,0;V;0,0;V;0,0;V;0,0;V;0,0;V;0,0;V;0,0;V;0,0;V;0,0;V;0,0;V;0,0;V;0,0;V;0,0;V;0,0;V;0,0;V;0,0;V
28;102;1;81;28102001_81_89;2026;3;2;1,5;V;0,9;V;0,9;V;1,3;V;1,1;V;0,9;V;1,0;V;0,8;V;0,9;V;1,4;V;2,1;V;2,3;V;2,1;V;2,0;V;2,1;V;2,5;V;2,6;V;2,9;V;2,4;V;1,6;V;2,2;V;2,0;V;2,6;V;2,0;V
28;102;1;82;28102001_82_89;2026;3;2;140,0;V;117,0;V;105,0;V;110,0;V;109,0;V;88,0;V;96,0;V;81,0;V;108,0;V;154,0;V;148,0;V;150,0;V;148,0;V;148,0;V;149,0;V;145,0;V;154,0;V;149,0;V;139,0;V;131,0;V;142,0;V;142,0;V;141,0;V;140,0;V
28;102;1;83;28102001_83_89;2026;3;2;6,7;V;6,2;V;5,9;V;5,6;V;5,2;V;5,0;V;4,2;V;4,5;V;6,0;V;7,8;V;9,3;V;11,5;V;13,2;V;14,1;V;14,6;V;13,9;V;11,8;V;10,2;V;9,9;V;9,9;V;9,9;V;9,7;V;9,2;V;8,7;V
28;102;1;86;28102001_86_89;2026;3;2;88,0;V;90,0;V;91,0;V;92,0;V;93,0;V;93,0;V;96,0;V;95,0;V;88,0;V;81,0;V;75,0;V;65,0;V;58,0;V;54,0;V;52,0;V;57,0;V;67,0;V;78,0;V;79,0;V;77,0;V;77,0;V;78,0;V;83,0;V;87,0;V
28;102;1;87;28102001_87_89;2026;3;2;926,0;V;926,0;V;925,0;V;924,0;V;924,0;V;924,0;V;923,0;V;923,0;V;923,0;V;924,0;V;924,0;V;923,0;V;922,0;V;921,0;V;921,0;V;920,0;V;921,0;V;921,0;V;922,0;V;922,0;V;923,0;V;923,0;V;923,0;V;923,0;V
28;102;1;88;28102001_88_89;2026;3;2;0,0;V;0,0;V;0,0;V;0,0;V;0,0;V;0,0;V;3,0;V;54,0;V;240,0;V;393,0;V;490,0;V;621,0;V;610,0;V;563,0;V;466,0;V;370,0;V;170,0;V;34,0;V;1,0;V;0,0;V;0,0;V;0,0;V;0,0;V;0,0;V
28;102;1;89;28102001_89_89;2026;3;2;0,0;V;0,0;V;0,0;V;0,0;V;0,0;V;0,0;V;0,0;V;0,0;V;0,0;V;0,0;V;0,0;V;0,0;V;0,0;V;0,0;V;0,0;V;0,0;V;0,0;V;0,0;V;0,0;V;0,0;V;0,0;V;0,0;V;0,0;V;0,0;V
28;106;1;81;28106001_81_89;2026;3;2;0,2;V;0,2;V;0,4;V;0,6;V;0,6;V;0,8;V;0,9;V;0,9;V;0,8;V;1,6;V;1,6;V;1,5;V;1,6;V;1,5;V;1,8;V;2,5;V;3,8;V;3,4;V;1,9;V;1,9;V;0,7;V;1,5;V;1,7;V;0,8;V
28;106;1;82;28106001_82_89;2026;3;2;78,0;V;33,0;V;31,0;V;31,0;V;41,0;V;35,0;V;41,0;V;29,0;V;60,0;V;90,0;V;94,0;V;84,0;V;97,0;V;94,0;V;104,0;V;116,0;V;104,0;V;102,0;V;101,0;V;97,0;V;77,0;V;89,0;V;92,0;V;79,0;V
28;106;1;83;28106001_83_89;2026;3;2;7,9;V;7,1;V;6,4;V;6,2;V;6,0;V;5,7;V;5,4;V;5,2;V;6,5;V;8,0;V;9,9;V;12,2;V;14,5;V;16,2;V;17,6;V;17,7;V;16,2;V;13,9;V;12,5;V;12,0;V;11,4;V;11,0;V;10,8;V;10,6;V
28;106;1;86;28106001_86_89;2026;3;2;82,0;V;89,0;V;99,0;V;99,0;V;99,0;V;99,0;V;99,0;V;99,0;V;97,0;V;90,0;V;75,0;V;63,0;V;55,0;V;49,0;V;43,0;V;42,0;V;49,0;V;59,0;V;66,0;V;70,0;V;74,0;V;78,0;V;79,0;V;80,0;V
28;106;1;87;28106001_87_89;2026;3;2;942,0;V;942,0;V;941,0;V;941,0;V;940,0;V;940,0;V;940,0;V;940,0;V;940,0;V;940,0;V;940,0;V;939,0;V;938,0;V;937,0;V;936,0;V;936,0;V;936,0;V;937,0;V;938,0;V;938,0;V;939,0;V;939,0;V;939,0;V;939,0;V
28;106;1;88;28106001_88_89;2026;3;2;1,0;V;1,0;V;1,0;V;1,0;V;1,0;V;1,0;V;2,0;V;19,0;V;124,0;V;223,0;V;469,0;V;693,0;V;672,0;V;632,0;V;511,0;V;339,0;V;255,0;V;80,0;V;1,0;V;1,0;V;1,0;V;1,0;V;1,0;V;1,0;V
28;106;1;89;28106001_89_89;2026;3;2;0,0;V;0,0;V;0,0;V;0,0;V;0,0;V;0,0;V;0,0;V;0,0;V;0,0;V;0,0;V;0,0;V;0,0;V;0,0;V;0,0;V;0,0;V;0,0;V;0,0;V;0,0;V;0,0;V;0,0;V;0,0;V;0,0;V;0,0;V;0,0;V
28;115;3;81;28115003_81_89;2026;3;2;0,1;V;0,1;V;0,1;V;0,1;V;0,1;V;0,1;V;0,1;V;0,1;V;0,6;V;0,8;V;0,8;V;0,6;V;0,8;V;0,9;V;0,8;V;0,8;V;1,2;V;1,3;V;1,0;V;1,1;V;0,8;V;0,3;V;0,3;V;0,4;V
28;115;3;82;28115003_82_89;2026;3;2;335,0;V;315,0;V;301,0;V;299,0;V;298,0;V;43,0;V;31,0;V;41,0;V;41,0;V;80,0;V;70,0;V;93,0;V;80,0;V;93,0;V;87,0;V;107,0;V;135,0;V;130,0;V;123,0;V;116,0;V;111,0;V;93,0;V;94,0;V;95,0;V
28;115;3;83;28115003_83_89;2026;3;2;6,6;V;5,2;V;4,1;V;3,5;V;3,7;V;5,0;V;5,1;V;5,3;V;7,5;V;8,8;V;10,3;V;11,4;V;12,7;V;14,0;V;15,0;V;15,7;V;15,8;V;13,6;V;12,0;V;11,3;V;10,8;V;10,2;V;10,2;V;10,0;V
28;115;3;86;28115003_86_89;2026;3;2;94,0;V;99,0;V;99,0;V;99,0;V;99,0;V;99,0;V;99,0;V;99,0;V;86,0;V;77,0;V;70,0;V;67,0;V;62,0;V;56,0;V;51,0;V;49,0;V;48,0;V;58,0;V;67,0;V;73,0;V;77,0;V;85,0;V;85,0;V;85,0;V
28;115;3;87;28115003_87_89;2026;3;2;943,0;V;942,0;V;942,0;V;941,0;V;941,0;V;940,0;V;940,0;V;940,0;V;940,0;V;941,0;V;940,0;V;940,0;V;939,0;V;938,0;V;937,0;V;937,0;V;937,0;V;937,0;V;938,0;V;938,0;V;939,0;V;939,0;V;940,0;V;940,0;V
28;115;3;88;28115003_88_89;2026;3;2;1,0;V;1,0;V;1,0;V;1,0;V;1,0;V;1,0;V;2,0;V;22,0;V;91,0;V;160,0;V;286,0;V;484,0;V;647,0;V;473,0;V;207,0;V;156,0;V;114,0;V;28,0;V;1,0;V;1,0;V;1,0;V;1,0;V;1,0;V;1,0;V
28;115;3;89;28115003_89_89;2026;3;2;0,0;V;0,0;V;0,0;V;0,0;V;0,0;V;0,0;V;0,0;V;0,0;V;0,0;V;0,0;V;0,0;V;0,0;V;0,0;V;0,0;V;0,0;V;0,0;V;0,0;V;0,0;V;0,0;V;0,0;V;0,0;V;0,1;V;0,0;V;0,0;V
28;120;1;81;28120001_81_89;2026;3;2;1,3;V;1,3;V;1,4;V;1,5;V;1,7;V;1,9;V;2,1;V;2,3;V;2,3;V;2,1;V;2,8;V;3,3;V;3,8;V;3,9;V;4,2;V;4,0;V;4,4;V;3,9;V;2,2;V;2,1;V;2,3;V;3,0;V;4,2;V;3,8;V
28;120;1;82;28120001_82_89;2026;3;2;78,0;V;79,0;V;77,0;V;94,0;V;109,0;V;125,0;V;114,0;V;113,0;V;119,0;V;116,0;V;130,0;V;164,0;V;176,0;V;170,0;V;162,0;V;163,0;V;169,0;V;151,0;V;127,0;V;123,0;V;134,0;V;136,0;V;142,0;V;156,0;V
28;120;1;83;28120001_83_89;2026;3;2;1,4;V;1,2;V;1,2;V;1,7;V;0,7;V;0,1;V;0,2;V;0,3;V;0,8;V;1,6;V;3,9;V;5,0;V;5,4;V;6,2;V;5,6;V;5,5;V;4,7;V;4,2;V;4,0;V;2,8;V;1,9;V;1,6;V;1,7;V;1,7;V
28;120;1;86;28120001_86_89;2026;3;2;92,0;V;90,0;V;90,0;V;86,0;V;93,0;V;99,0;V;99,0;V;99,0;V;99,0;V;98,0;V;87,0;V;78,0;V;72,0;V;65,0;V;70,0;V;69,0;V;76,0;V;83,0;V;84,0;V;94,0;V;99,0;V;99,0;V;97,0;V;97,0;V
28;120;1;87;28120001_87_89;2026;3;2;812,0;V;811,0;V;811,0;V;810,0;V;809,0;V;809,0;V;809,0;V;808,0;V;809,0;V;809,0;V;809,0;V;809,0;V;808,0;V;808,0;V;808,0;V;807,0;V;807,0;V;808,0;V;808,0;V;809,0;V;809,0;V;809,0;V;809,0;V;809,0;V
28;120;1;88;28120001_88_89;2026;3;2;1,0;V;1,0;V;1,0;V;1,0;V;1,0;V;1,0;V;2,0;V;17,0;V;94,0;V;211,0;V;765,0;V;966,0;V;964,0;V;881,0;V;727,0;V;516,0;V;284,0;V;88,0;V;1,0;V;1,0;V;1,0;V;1,0;V;1,0;V;1,0;V
28;120;1;89;28120001_89_89;2026;3;2;0,0;V;0,0;V;0,0;V;0,0;V;0,0;V;0,0;V;0,0;V;0,0;V;0,0;V;0,0;V;0,0;V;0,0;V;0,0;V;0,0;V;0,0;V;0,0;V;0,0;V;0,0;V;0,0;V;0,0;V;0,0;V;0,0;V;0,0;V;0,0;V
28;123;2;81;28123002_81_89;2026;3;2;0,9;V;0,9;V;0,5;V;0,5;V;0,7;V;1,0;V;0,7;V;1,2;V;1,6;V;1,2;V;1,8;V;1,9;V;2,4;V;2,1;V;2,3;V;2,7;V;3,9;V;3,4;V;3,6;V;2,5;V;1,7;V;1,3;V;2,0;V;1,7;V
28;123;2;82;28123002_82_89;2026;3;2;103,0;V;86,0;V;69,0;V;63,0;V;61,0;V;58,0;V;55,0;V;64,0;V;64,0;V;74,0;V;129,0;V;156,0;V;140,0;V;134,0;V;159,0;V;148,0;V;158,0;V;145,0;V;150,0;V;156,0;V;145,0;V;158,0;V;149,0;V;134,0;V
28;123;2;83;28123002_83_89;2026;3;2;3,1;V;2,7;V;1,7;V;1,0;V;0,7;V;0,4;V;-0,2;V;-0,1;V;2,3;V;5,2;V;7,8;V;9,3;V;11,7;V;13,9;V;14,5;V;14,4;V;12,7;V;9,6;V;7,8;V;7,5;V;7,4;V;7,1;V;6,8;V;6,4;V
28;123;2;86;28123002_86_89;2026;3;2;74,0;V;75,0;V;79,0;V;81,0;V;83,0;V;83,0;V;85,0;V;85,0;V;75,0;V;64,0;V;55,0;V;53,0;V;46,0;V;39,0;V;37,0;V;37,0;V;42,0;V;54,0;V;63,0;V;64,0;V;63,0;V;64,0;V;67,0;V;69,0;V
28;123;2;87;28123002_87_89;2026;3;2;949,0;V;949,0;V;948,0;V;947,0;V;947,0;V;947,0;V;946,0;V;946,0;V;947,0;V;947,0;V;947,0;V;946,0;V;945,0;V;944,0;V;943,0;V;943,0;V;943,0;V;943,0;V;944,0;V;945,0;V;945,0;V;946,0;V;946,0;V;946,0;V
28;123;2;88;28123002_88_89;2026;3;2;15,0;V;15,0;V;15,0;V;15,0;V;15,0;V;15,0;V;15,0;V;28,0;V;235,0;V;383,0;V;614,0;V;669,0;V;683,0;V;645,0;V;555,0;V;348,0;V;215,0;V;64,0;V;14,0;V;14,0;V;14,0;V;14,0;V;14,0;V;14,0;V
28;123;2;89;28123002_89_89;2026;3;2;0,0;V;0,0;V;0,0;V;0,0;V;0,0;V;0,0;V;0,0;V;0,0;V;0,0;V;0,0;V;0,0;V;0,0;V;0,0;V;0,0;V;0,0;V;0,0;V;0,0;V;0,0;V;0,0;V;0,0;V;0,0;V;0,0;V;0,0;V;0,0;V
28;127;4;81;28127004_81_89;2026;3;2;1,0;V;1,2;V;1,0;V;1,2;V;0,7;V;1,0;V;0,7;V;0,6;V;0,8;V;0,9;V;0,9;V;1,1;V;1,1;V;1,2;V;0,8;V;1,3;V;2,0;V;2,8;V;2,9;V;1,5;V;1,0;V;0,6;V;1,0;V;1,0;V
28;127;4;82;28127004_82_89;2026;3;2;18,0;V;24,0;V;29,0;V;29,0;V;24,0;V;32,0;V;36,0;V;41,0;V;46,0;V;102,0;V;99,0;V;98,0;V;102,0;V;101,0;V;88,0;V;119,0;V;126,0;V;136,0;V;129,0;V;117,0;V;108,0;V;91,0;V;111,0;V;113,0;V
28;127;4;83;28127004_83_89;2026;3;2;7,8;V;6,9;V;6,2;V;5,7;V;5,8;V;6,2;V;6,3;V;6,1;V;7,3;V;8,4;V;9,4;V;10,9;V;12,3;V;13,2;V;14,9;V;15,6;V;15,5;V;13,8;V;12,0;V;11,2;V;10,6;V;10,2;V;10,0;V;9,8;V
28;127;4;86;28127004_86_89;2026;3;2;76,0;V;80,0;V;84,0;V;86,0;V;87,0;V;87,0;V;85,0;V;86,0;V;85,0;V;77,0;V;70,0;V;63,0;V;57,0;V;54,0;V;48,0;V;44,0;V;43,0;V;50,0;V;59,0;V;65,0;V;71,0;V;74,0;V;76,0;V;78,0;V
28;127;4;87;28127004_87_89;2026;3;2;935,0;V;935,0;V;934,0;V;934,0;V;933,0;V;933,0;V;932,0;V;932,0;V;932,0;V;933,0;V;933,0;V;932,0;V;931,0;V;930,0;V;929,0;V;929,0;V;929,0;V;929,0;V;930,0;V;931,0;V;932,0;V;932,0;V;932,0;V;932,0;V
28;127;4;88;28127004_88_89;2026;3;2;1,0;V;1,0;V;1,0;V;1,0;V;1,0;V;1,0;V;1,0;V;43,0;V;222,0;V;289,0;V;424,0;V;604,0;V;665,0;V;618,0;V;526,0;V;381,0;V;165,0;V;50,0;V;1,0;V;1,0;V;1,0;V;1,0;V;1,0;V;1,0;V
28;127;4;89;28127004_89_89;2026;3;2;0,0;V;0,0;V;0,0;V;0,0;V;0,0;V;0,0;V;0,0;V;0,0;V;0,0;V;0,0;V;0,0;V;0,0;V;0,0;V;0,0;V;0,0;V;0,0;V;0,0;V;0,0;V;0,0;V;0,0;V;0,0;V;0,0;V;0,0;V;0,0;V
28;13;2;81;28013002_81_89;2026;3;2;1,4;V;1,6;V;1,0;V;0,2;V;0,5;V;0,4;V;0,4;V;0,4;V;1,1;V;2,2;V;2,7;V;2,7;V;2,0;V;2,2;V;2,5;V;3,1;V;3,8;V;3,0;V;3,3;V;3,0;V;3,4;V;3,4;V;3,2;V;3,4;V
28;13;2;82;28013002_82_89;2026;3;2;87,0;V;101,0;V;77,0;V;32,0;V;63,0;V;87,0;V;59,0;V;81,0;V;136,0;V;127,0;V;123,0;V;102,0;V;124,0;V;141,0;V;140,0;V;117,0;V;111,0;V;107,0;V;105,0;V;103,0;V;119,0;V;129,0;V;138,0;V;133,0;V
28;13;2;83;28013002_83_89;2026;3;2;8,7;V;8,6;V;7,3;V;6,5;V;6,0;V;6,0;V;5,7;V;6,0;V;7,6;V;9,5;V;11,2;V;13,2;V;15,4;V;16,9;V;18,0;V;16,1;V;14,6;V;13,4;V;12,8;V;12,0;V;11,8;V;11,7;V;11,5;V;11,7;V
28;13;2;86;28013002_86_89;2026;3;2;77,0;V;77,0;V;82,0;V;85,0;V;88,0;V;88,0;V;88,0;V;87,0;V;81,0;V;75,0;V;69,0;V;62,0;V;54,0;V;48,0;V;46,0;V;53,0;V;60,0;V;66,0;V;69,0;V;73,0;V;74,0;V;74,0;V;75,0;V;75,0;V
28;13;2;87;28013002_87_89;2026;3;2;959,0;V;958,0;V;958,0;V;957,0;V;956,0;V;956,0;V;956,0;V;956,0;V;957,0;V;957,0;V;956,0;V;955,0;V;955,0;V;953,0;V;952,0;V;952,0;V;953,0;V;953,0;V;954,0;V;954,0;V;955,0;V;955,0;V;955,0;V;955,0;V
28;13;2;88;28013002_88_89;2026;3;2;0,0;V;0,0;V;0,0;V;0,0;V;0,0;V;0,0;V;1,0;V;35,0;V;106,0;V;346,0;V;489,0;V;578,0;V;598,0;V;593,0;V;507,0;V;217,0;V;160,0;V;28,0;V;0,0;V;0,0;V;0,0;V;0,0;V;0,0;V;0,0;V
28;13;2;89;28013002_89_89;2026;3;2;0,0;V;0,0;V;0,0;V;0,0;V;0,0;V;0,0;V;0,0;V;0,0;V;0,0;V;0,0;V;0,0;V;0,0;V;0,0;V;0,0;V;0,0;V;0,0;V;0,0;V;0,0;V;0,0;V;0,0;V;0,0;V;0,0;V;0,0;V;0,0;V
28;133;2;81;28133002_81_89;2026;3;2;0,8;V;0,5;V;0,3;V;0,2;V;0,4;V;0,2;V;0,4;V;0,8;V;1,4;V;1,5;V;1,4;V;2,2;V;2,6;V;2,7;V;2,1;V;1,9;V;2,3;V;2,1;V;1,2;V;0,8;V;1,1;V;1,3;V;1,2;V;1,3;V
28;133;2;82;28133002_82_89;2026;3;2;273,0;V;316,0;V;30,0;V;235,0;V;150,0;V;199,0;V;123,0;V;133,0;V;140,0;V;145,0;V;139,0;V;147,0;V;149,0;V;144,0;V;147,0;V;144,0;V;162,0;V;160,0;V;143,0;V;157,0;V;132,0;V;142,0;V;144,0;V;126,0;V
28;133;2;83;28133002_83_89;2026;3;2;7,2;V;6,7;V;6,3;V;5,9;V;6,0;V;6,2;V;6,4;V;6,5;V;6,9;V;7,4;V;8,3;V;10,1;V;11,6;V;12,4;V;13,8;V;14,6;V;13,7;V;10,6;V;10,3;V;10,1;V;10,1;V;9,8;V;9,1;V;8,4;V
28;133;2;86;28133002_86_89;2026;3;2;80,0;V;84,0;V;87,0;V;89,0;V;90,0;V;90,0;V;90,0;V;90,0;V;86,0;V;80,0;V;76,0;V;68,0;V;62,0;V;59,0;V;54,0;V;51,0;V;55,0;V;74,0;V;79,0;V;76,0;V;76,0;V;79,0;V;88,0;V;100,0;V
28;133;2;87;28133002_87_89;2026;3;2;938,0;V;937,0;V;937,0;V;936,0;V;935,0;V;935,0;V;935,0;V;935,0;V;935,0;V;935,0;V;935,0;V;935,0;V;934,0;V;933,0;V;932,0;V;931,0;V;931,0;V;932,0;V;932,0;V;933,0;V;934,0;V;934,0;V;935,0;V;935,0;V
28;133;2;88;28133002_88_89;2026;3;2;5,0;V;5,0;V;5,0;V;5,0;V;5,0;V;5,0;V;5,0;V;15,0;V;80,0;V;129,0;V;217,0;V;580,0;V;743,0;V;585,0;V;543,0;V;364,0;V;55,0;V;28,0;V;4,0;V;4,0;V;5,0;V;5,0;V;5,0;V;5,0;V
28;133;2;89;28133002_89_89;2026;3;2;0,0;V;0,0;V;0,0;V;0,0;V;0,0;V;0,0;V;0,0;V;0,0;V;0,0;V;0,0;V;0,0;V;0,0;V;0,0;V;0,0;V;0,0;V;0,0;V;0,2;V;0,8;V;0,0;V;0,0;V;0,0;V;0,0;V;0,2;V;0,2;V
28;134;2;81;28134002_81_89;2026;3;2;0,1;V;0,1;V;0,1;V;0,1;V;0,1;V;0,1;V;0,1;V;0,1;V;0,4;V;1,0;V;1,5;V;1,8;V;1,3;V;1,6;V;1,0;V;2,4;V;2,9;V;3,9;V;3,5;V;2,9;V;1,8;V;0,8;V;0,1;V;0,1;V
28;134;2;82;28134002_82_89;2026;3;2;261,0;V;169,0;V;266,0;V;290,0;V;264,0;V;232,0;V;165,0;V;260,0;V;50,0;V;70,0;V;102,0;V;124,0;V;100,0;V;109,0;V;93,0;V;127,0;V;131,0;V;131,0;V;143,0;V;124,0;V;124,0;V;110,0;V;278,0;V;232,0;V
28;134;2;83;28134002_83_89;2026;3;2;3,8;V;1,7;V;-0,3;V;-1,3;V;-1,5;V;-0,3;V;-0,2;V;0,7;V;6,3;V;9,1;V;10,1;V;10,5;V;11,6;V;13,0;V;14,7;V;15,5;V;15,0;V;13,1;V;11,2;V;11,0;V;10,9;V;10,6;V;8,7;V;8,0;V
28;134;2;86;28134002_86_89;2026;3;2;96,0;V;97,0;V;97,0;V;97,0;V;97,0;V;97,0;V;97,0;V;97,0;V;93,0;V;69,0;V;62,0;V;60,0;V;57,0;V;53,0;V;47,0;V;42,0;V;45,0;V;53,0;V;64,0;V;67,0;V;66,0;V;66,0;V;82,0;V;89,0;V
28;134;2;87;28134002_87_89;2026;3;2;941,0;V;940,0;V;939,0;V;939,0;V;938,0;V;938,0;V;938,0;V;938,0;V;938,0;V;938,0;V;938,0;V;938,0;V;937,0;V;936,0;V;935,0;V;934,0;V;934,0;V;935,0;V;936,0;V;937,0;V;937,0;V;937,0;V;938,0;V;938,0;V
28;134;2;88;28134002_88_89;2026;3;2;1,0;V;1,0;V;1,0;V;1,0;V;1,0;V;1,0;V;2,0;V;68,0;V;267,0;V;414,0;V;586,0;V;582,0;V;704,0;V;647,0;V;543,0;V;382,0;V;89,0;V;34,0;V;1,0;V;1,0;V;1,0;V;1,0;V;1,0;V;1,0;V
28;134;2;89;28134002_89_89;2026;3;2;0,0;V;0,0;V;0,0;V;0,0;V;0,0;V;0,0;V;0,0;V;0,0;V;0,0;V;0,0;V;0,0;V;0,0;V;0,0;V;0,0;V;0,0;V;0,0;V;0,0;V;0,0;V;0,0;V;0,0;V;0,0;V;0,0;V;0,0;V;0,0;V
28;14;2;81;28014002_81_89;2026;3;2;0,6;V;0,8;V;1,1;V;1,7;V;0,9;V;1,0;V;0,7;V;0,3;V;1,1;V;1,9;V;2,3;V;2,6;V;2,3;V;2,5;V;2,8;V;3,5;V;4,3;V;4,4;V;4,3;V;4,6;V;4,5;V;3,1;V;3,3;V;3,5;V
28;14;2;82;28014002_82_89;2026;3;2;289,0;V;303,0;V;336,0;V;328,0;V;27,0;V;35,0;V;18,0;V;324,0;V;309,0;V;83,0;V;107,0;V;119,0;V;100,0;V;115,0;V;123,0;V;128,0;V;133,0;V;126,0;V;126,0;V;121,0;V;102,0;V;101,0;V;117,0;V;103,0;V
28;14;2;83;28014002_83_89;2026;3;2;7,7;V;7,3;V;6,9;V;6,2;V;5,1;V;4,2;V;3,7;V;3,7;V;6,8;V;9,2;V;10,3;V;12,6;V;14,6;V;15,8;V;16,6;V;16,9;V;14,9;V;12,2;V;11,4;V;11,2;V;11,1;V;10,9;V;10,5;V;10,1;V
28;14;2;86;28014002_86_89;2026;3;2;72,0;V;73,0;V;75,0;V;77,0;V;81,0;V;84,0;V;85,0;V;84,0;V;71,0;V;63,0;V;60,0;V;53,0;V;46,0;V;42,0;V;41,0;V;40,0;V;47,0;V;61,0;V;64,0;V;64,0;V;64,0;V;65,0;V;68,0;V;71,0;V
28;14;2;87;28014002_87_89;2026;3;2;951,0;V;951,0;V;950,0;V;949,0;V;949,0;V;949,0;V;949,0;V;949,0;V;949,0;V;949,0;V;949,0;V;948,0;V;947,0;V;946,0;V;945,0;V;945,0;V;945,0;V;946,0;V;946,0;V;947,0;V;947,0;V;948,0;V;948,0;V;948,0;V
28;14;2;88;28014002_88_89;2026;3;2;1,0;V;1,0;V;1,0;V;1,0;V;1,0;V;1,0;V;2,0;V;29,0;V;233,0;V;409,0;V;541,0;V;645,0;V;662,0;V;612,0;V;521,0;V;377,0;V;197,0;V;47,0;V;1,0;V;1,0;V;1,0;V;1,0;V;1,0;V;1,0;V
28;14;2;89;28014002_89_89;2026;3;2;0,0;V;0,0;V;0,0;V;0,0;V;0,0;V;0,0;V;0,0;V;0,0;V;0,0;V;0,0;V;0,0;V;0,0;V;0,0;V;0,0;V;0,0;V;0,0;V;0,0;V;0,0;V;0,0;V;0,0;V;0,0;V;0,0;V;0,0;V;0,0;V
28;148;4;81;28148004_81_89;2026;3;2;1,0;V;0,9;V;0,8;V;1,5;V;1,3;V;1,8;V;1,6;V;1,6;V;2,0;V;2,0;V;1,6;V;1,3;V;2,2;V;1,9;V;2,5;V;3,1;V;4,3;V;4,0;V;2,1;V;1,4;V;2,0;V;0,9;V;1,1;V;2,0;V
28;148;4;82;28148004_82_89;2026;3;2;131,0;V;85,0;V;56,0;V;47,0;V;40,0;V;48,0;V;48,0;V;54,0;V;56,0;V;76,0;V;101,0;V;123,0;V;149,0;V;147,0;V;150,0;V;165,0;V;158,0;V;159,0;V;159,0;V;180,0;V;148,0;V;84,0;V;142,0;V;172,0;V
28;148;4;83;28148004_83_89;2026;3;2;9,5;V;8,8;V;8,2;V;7,2;V;6,5;V;6,3;V;5,7;V;5,6;V;6,9;V;9,6;V;11,7;V;13,9;V;15,3;V;17,1;V;17,8;V;17,9;V;16,7;V;13,9;V;12,9;V;12,7;V;12,7;V;12,7;V;12,5;V;12,0;V
28;148;4;86;28148004_86_89;2026;3;2;70,0;V;73,0;V;75,0;V;80,0;V;83,0;V;84,0;V;87,0;V;88,0;V;81,0;V;69,0;V;61,0;V;56,0;V;50,0;V;44,0;V;41,0;V;41,0;V;45,0;V;56,0;V;63,0;V;64,0;V;62,0;V;62,0;V;63,0;V;66,0;V
28;148;4;87;28148004_87_89;2026;3;2;953,0;V;952,0;V;951,0;V;951,0;V;950,0;V;950,0;V;950,0;V;950,0;V;950,0;V;951,0;V;952,0;V;951,0;V;950,0;V;949,0;V;948,0;V;947,0;V;947,0;V;948,0;V;948,0;V;949,0;V;949,0;V;950,0;V;950,0;V;950,0;V
28;148;4;88;28148004_88_89;2026;3;2;15,0;V;15,0;V;15,0;V;15,0;V;15,0;V;15,0;V;16,0;V;38,0;V;251,0;V;430,0;V;613,0;V;691,0;V;722,0;V;656,0;V;565,0;V;394,0;V;226,0;V;66,0;V;15,0;V;15,0;V;15,0;V;15,0;V;15,0;V;15,0;V
28;148;4;89;28148004_89_89;2026;3;2;0,0;V;0,0;V;0,0;V;0,0;V;0,0;V;0,0;V;0,0;V;0,0;V;0,0;V;0,0;V;0,0;V;0,0;V;0,0;V;0,0;V;0,0;V;0,0;V;0,0;V;0,0;V;0,0;V;0,0;V;0,0;V;0,0;V;0,0;V;0,0;V
28;16;1;81;28016001_81_89;2026;3;2;1,6;V;1,2;V;1,0;V;1,3;V;0,2;V;0,8;V;1,7;V;1,9;V;2,6;V;1,3;V;1,8;V;1,7;V;3,7;V;3,2;V;3,0;V;2,7;V;2,7;V;4,0;V;4,2;V;2,5;V;1,6;V;2,0;V;1,8;V;1,9;V
28;16;1;82;28016001_82_89;2026;3;2;283,0;V;337,0;V;0,0;V;359,0;V;356,0;V;101,0;V;144,0;V;332,0;V;185,0;V;194,0;V;119,0;V;61,0;V;62,0;V;81,0;V;84,0;V;82,0;V;69,0;V;82,0;V;90,0;V;94,0;V;57,0;V;47,0;V;68,0;V;96,0;V
28;16;1;83;28016001_83_89;2026;3;2;6,6;V;5,9;V;5,3;V;4,8;V;4,8;V;4,2;V;4,1;V;4,3;V;4,2;V;5,8;V;7,7;V;9,4;V;10,0;V;10,9;V;11,6;V;12,3;V;12,4;V;11,9;V;10,6;V;9,3;V;8,7;V;8,3;V;8,0;V;7,6;V
28;16;1;86;28016001_86_89;2026;3;2;76,0;V;79,0;V;82,0;V;84,0;V;84,0;V;86,0;V;87,0;V;86,0;V;87,0;V;83,0;V;73,0;V;66,0;V;64,0;V;61,0;V;56,0;V;55,0;V;55,0;V;56,0;V;60,0;V;66,0;V;71,0;V;73,0;V;74,0;V;77,0;V
28;16;1;87;28016001_87_89;2026;3;2;902,0;V;901,0;V;901,0;V;900,0;V;899,0;V;899,0;V;899,0;V;899,0;V;899,0;V;899,0;V;899,0;V;898,0;V;898,0;V;897,0;V;896,0;V;896,0;V;896,0;V;896,0;V;897,0;V;898,0;V;898,0;V;899,0;V;899,0;V;899,0;V
28;16;1;88;28016001_88_89;2026;3;2;0,0;V;0,0;V;0,0;V;0,0;V;0,0;V;0,0;V;0,0;V;6,0;V;68,0;V;250,0;V;373,0;V;628,0;V;589,0;V;646,0;V;537,0;V;389,0;V;210,0;V;52,0;V;0,0;V;0,0;V;0,0;V;0,0;V;0,0;V;0,0;V
28;16;1;89;28016001_89_89;2026;3;2;0,0;V;0,0;V;0,0;V;0,0;V;0,0;V;0,0;V;0,0;V;0,0;V;0,0;V;0,0;V;0,0;V;0,0;V;0,0;V;0,0;V;0,0;V;0,0;V;0,0;V;0,0;V;0,0;V;0,0;V;0,0;V;0,0;V;0,0;V;0,0;V
28;161;1;81;28161001_81_89;2026;3;2;1,1;V;0,8;V;1,1;V;0,8;V;0,9;V;1,0;V;0,7;V;1,2;V;2,0;V;3,0;V;2,9;V;2,8;V;2,9;V;2,7;V;2,8;V;3,7;V;4,1;V;3,8;V;3,7;V;3,9;V;3,6;V;3,2;V;2,7;V;2,9;V
28;161;1;82;28161001_82_89;2026;3;2;104,0;V;118,0;V;103,0;V;98,0;V;97,0;V;95,0;V;92,0;V;94,0;V;99,0;V;125,0;V;116,0;V;109,0;V;110,0;V;117,0;V;134,0;V;142,0;V;143,0;V;134,0;V;130,0;V;126,0;V;131,0;V;122,0;V;117,0;V;109,0;V
28;161;1;83;28161001_83_89;2026;3;2;7,8;V;7,3;V;6,5;V;5,7;V;5,7;V;5,3;V;5,2;V;5,4;V;7,1;V;8,0;V;9,4;V;12,1;V;14,1;V;15,9;V;17,5;V;17,1;V;14,9;V;13,0;V;12,0;V;11,6;V;11,1;V;10,9;V;10,5;V;10,3;V
28;161;1;86;28161001_86_89;2026;3;2;85,0;V;87,0;V;91,0;V;95,0;V;96,0;V;97,0;V;98,0;V;96,0;V;88,0;V;84,0;V;78,0;V;68,0;V;60,0;V;53,0;V;48,0;V;50,0;V;59,0;V;67,0;V;74,0;V;78,0;V;81,0;V;82,0;V;83,0;V;85,0;V
28;161;1;87;28161001_87_89;2026;3;2;947,0;V;947,0;V;946,0;V;945,0;V;945,0;V;945,0;V;945,0;V;945,0;V;945,0;V;945,0;V;945,0;V;944,0;V;943,0;V;942,0;V;941,0;V;941,0;V;941,0;V;942,0;V;942,0;V;943,0;V;943,0;V;944,0;V;944,0;V;944,0;V
28;161;1;88;28161001_88_89;2026;3;2;1,0;V;1,0;V;1,0;V;1,0;V;1,0;V;1,0;V;2,0;V;53,0;V;192,0;V;309,0;V;403,0;V;602,0;V;581,0;V;520,0;V;408,0;V;278,0;V;136,0;V;64,0;V;2,0;V;1,0;V;1,0;V;1,0;V;1,0;V;1,0;V
28;161;1;89;28161001_89_89;2026;3;2;0,0;V;0,0;V;0,0;V;0,0;V;0,0;V;0,0;V;0,0;V;0,0;V;0,0;V;0,0;V;0,0;V;0,0;V;0,0;V;0,0;V;0,0;V;0,0;V;0,0;V;0,0;V;0,0;V;0,0;V;0,0;V;0,0;V;0,0;V;0,0;V
28;171;1;81;28171001_81_89;2026;3;2;1,0;V;1,0;V;1,3;V;1,2;V;1,3;V;1,5;V;1,5;V;1,6;V;2,1;V;2,7;V;2,6;V;2,7;V;2,5;V;2,7;V;2,7;V;2,4;V;2,7;V;1,5;V;1,9;V;1,3;V;1,6;V;2,1;V;1,5;V;1,7;V
28;171;1;82;28171001_82_89;2026;3;2;39,0;V;45,0;V;39,0;V;43,0;V;47,0;V;44,0;V;48,0;V;59,0;V;75,0;V;91,0;V;103,0;V;86,0;V;88,0;V;84,0;V;90,0;V;106,0;V;170,0;V;127,0;V;106,0;V;70,0;V;63,0;V;70,0;V;70,0;V;55,0;V
28;171;1;83;28171001_83_89;2026;3;2;6,3;V;5,9;V;5,0;V;4,5;V;4,6;V;5,4;V;6,2;V;7,5;V;8,2;V;9,2;V;9,4;V;10,0;V;12,5;V;14,6;V;15,8;V;17,0;V;15,4;V;13,9;V;12,5;V;12,2;V;11,1;V;10,8;V;10,8;V;10,7;V
28;171;1;86;28171001_86_89;2026;3;2;79,0;V;82,0;V;84,0;V;85,0;V;86,0;V;85,0;V;82,0;V;79,0;V;73,0;V;71,0;V;68,0;V;68,0;V;61,0;V;55,0;V;50,0;V;46,0;V;50,0;V;57,0;V;61,0;V;64,0;V;67,0;V;69,0;V;71,0;V;74,0;V
28;171;1;87;28171001_87_89;2026;3;2;961,0;V;961,0;V;961,0;V;960,0;V;960,0;V;959,0;V;959,0;V;960,0;V;959,0;V;959,0;V;959,0;V;961,0;V;961,0;V;957,0;V;950,0;V;949,0;V;949,0;V;950,0;V;953,0;V;960,0;V;960,0;V;961,0;V;962,0;V;962,0;V
28;171;1;88;28171001_88_89;2026;3;2;2,0;V;2,0;V;2,0;V;2,0;V;2,0;V;2,0;V;3,0;V;22,0;V;116,0;V;190,0;V;294,0;V;369,0;V;652,0;V;670,0;V;577,0;V;416,0;V;44,0;V;39,0;V;3,0;V;2,0;V;2,0;V;2,0;V;2,0;V;2,0;V
28;171;1;89;28171001_89_89;2026;3;2;0,0;V;0,0;V;0,0;V;0,0;V;0,0;V;0,0;V;0,0;V;0,0;V;0,0;V;0,0;V;0,0;V;0,0;V;0,0;V;0,0;V;0,0;V;0,0;V;0,0;V;0,0;V;0,0;V;0,0;V;0,0;V;0,0;V;0,0;V;0,0;V
28;180;1;81;28180001_81_89;2026;3;2;2,8;V;2,2;V;3,5;V;3,5;V;3,5;V;2,7;V;2,7;V;1,4;V;3,0;V;2,9;V;3,7;V;3,4;V;3,4;V;3,4;V;3,7;V;4,5;V;4,2;V;3,5;V;3,2;V;3,1;V;2,4;V;3,2;V;2,9;V;2,0;V
28;180;1;82;28180001_82_89;2026;3;2;133,0;V;130,0;V;133,0;V;131,0;V;133,0;V;129,0;V;132,0;V;125,0;V;140,0;V;140,0;V;139,0;V;132,0;V;130,0;V;133,0;V;148,0;V;139,0;V;141,0;V;131,0;V;132,0;V;128,0;V;123,0;V;127,0;V;127,0;V;117,0;V
28;180;1;83;28180001_83_89;2026;3;2;6,7;V;6,2;V;6,1;V;6,1;V;5,7;V;5,5;V;5,4;V;6,0;V;7,0;V;7,2;V;9,5;V;11,4;V;13,2;V;14,4;V;15,3;V;14,2;V;11,8;V;10,3;V;9,8;V;9,7;V;9,3;V;9,2;V;8,7;V;8,5;V
28;180;1;86;28180001_86_89;2026;3;2;77,0;V;78,0;V;79,0;V;80,0;V;80,0;V;80,0;V;81,0;V;77,0;V;72,0;V;73,0;V;65,0;V;57,0;V;50,0;V;48,0;V;44,0;V;49,0;V;60,0;V;68,0;V;70,0;V;70,0;V;72,0;V;74,0;V;77,0;V;77,0;V
28;180;1;87;28180001_87_89;2026;3;2;933,0;V;932,0;V;932,0;V;931,0;V;930,0;V;930,0;V;930,0;V;930,0;V;930,0;V;930,0;V;930,0;V;930,0;V;929,0;V;928,0;V;927,0;V;927,0;V;927,0;V;928,0;V;929,0;V;929,0;V;929,0;V;930,0;V;930,0;V;930,0;V
28;180;1;88;28180001_88_89;2026;3;2;1,0;V;1,0;V;1,0;V;1,0;V;1,0;V;1,0;V;3,0;V;75,0;V;245,0;V;451,0;V;630,0;V;710,0;V;680,0;V;673,0;V;574,0;V;453,0;V;167,0;V;23,0;V;1,0;V;1,0;V;1,0;V;1,0;V;1,0;V;1,0;V
28;180;1;89;28180001_89_89;2026;3;2;0,0;V;0,0;V;0,0;V;0,0;V;0,0;V;0,0;V;0,0;V;0,0;V;0,0;V;0,0;V;0,0;V;0,0;V;0,0;V;0,0;V;0,0;V;0,0;V;0,0;V;0,0;V;0,0;V;0,0;V;0,0;V;0,0;V;0,0;V;0,0;V
28;45;2;81;28045002_81_89;2026;3;2;0,6;V;0,8;V;0,9;V;0,4;V;0,3;V;0,6;V;0,7;V;0,8;V;0,8;V;1,2;V;1,2;V;1,2;V;1,8;V;1,8;V;1,6;V;1,7;V;1,5;V;1,9;V;1,5;V;1,3;V;1,3;V;0,9;V;1,1;V;0,9;V
28;45;2;82;28045002_82_89;2026;3;2;107,0;V;74,0;V;46,0;V;96,0;V;33,0;V;50,0;V;48,0;V;59,0;V;50,0;V;65,0;V;99,0;V;113,0;V;77,0;V;85,0;V;104,0;V;80,0;V;123,0;V;140,0;V;131,0;V;124,0;V;78,0;V;74,0;V;61,0;V;64,0;V
28;45;2;83;28045002_83_89;2026;3;2;7,2;V;6,5;V;5,7;V;5,5;V;5,7;V;6,1;V;6,2;V;6,1;V;6,6;V;7,5;V;8,7;V;9,7;V;10,1;V;11,1;V;12,2;V;13,0;V;13,7;V;12,8;V;10,4;V;9,3;V;8,9;V;8,9;V;8,5;V;8,6;V
28;45;2;86;28045002_86_89;2026;3;2;74,0;V;76,0;V;79,0;V;81,0;V;80,0;V;78,0;V;78,0;V;78,0;V;77,0;V;73,0;V;67,0;V;64,0;V;65,0;V;60,0;V;57,0;V;55,0;V;52,0;V;55,0;V;65,0;V;71,0;V;75,0;V;75,0;V;77,0;V;76,0;V
28;45;2;87;28045002_87_89;2026;3;2;918,0;V;918,0;V;916,0;V;915,0;V;915,0;V;915,0;V;915,0;V;915,0;V;915,0;V;915,0;V;915,0;V;915,0;V;915,0;V;913,0;V;911,0;V;911,0;V;911,0;V;911,0;V;913,0;V;915,0;V;915,0;V;915,0;V;915,0;V;915,0;V
28;45;2;88;28045002_88_89;2026;3;2;1,0;V;1,0;V;1,0;V;1,0;V;1,0;V;1,0;V;2,0;V;50,0;V;193,0;V;269,0;V;636,0;V;693,0;V;715,0;V;729,0;V;604,0;V;442,0;V;204,0;V;62,0;V;2,0;V;1,0;V;1,0;V;1,0;V;1,0;V;1,0;V
28;45;2;89;28045002_89_89;2026;3;2;0,0;V;0,0;V;0,0;V;0,0;V;0,0;V;0,0;V;0,0;V;0,0;V;0,0;V;0,0;V;0,0;V;0,0;V;0,0;V;0,0;V;0,0;V;0,0;V;0,0;V;0,0;V;0,0;V;0,0;V;0,0;V;0,0;V;0,2;V;0,0;V
28;47;2;81;28047002_81_89;2026;3;2;0,4;V;0,3;V;0,5;V;0,3;V;0,3;V;0,6;V;0,5;V;0,6;V;1,1;V;1,2;V;1,4;V;1,2;V;1,3;V;1,8;V;1,8;V;1,8;V;1,9;V;1,8;V;2,1;V;1,8;V;1,1;V;1,3;V;1,4;V;1,0;V
28;47;2;82;28047002_82_89;2026;3;2;157,0;V;54,0;V;53,0;V;74,0;V;32,0;V;102,0;V;107,0;V;131,0;V;125,0;V;131,0;V;131,0;V;146,0;V;148,0;V;143,0;V;120,0;V;117,0;V;100,0;V;117,0;V;122,0;V;118,0;V;101,0;V;82,0;V;86,0;V;104,0;V
28;47;2;83;28047002_83_89;2026;3;2;8,0;V;6,9;V;5,8;V;5,8;V;6,2;V;6,8;V;6,8;V;7,0;V;7,1;V;7,7;V;8,9;V;10,3;V;11,8;V;13,4;V;13,3;V;13,2;V;13,3;V;13,0;V;11,3;V;10,0;V;9,3;V;8,8;V;8,3;V;8,5;V
28;47;2;86;28047002_86_89;2026;3;2;71,0;V;75,0;V;79,0;V;79,0;V;78,0;V;75,0;V;75,0;V;74,0;V;73,0;V;70,0;V;66,0;V;61,0;V;58,0;V;52,0;V;51,0;V;52,0;V;52,0;V;53,0;V;59,0;V;68,0;V;72,0;V;77,0;V;80,0;V;78,0;V
28;47;2;87;28047002_87_89;2026;3;2;919,0;V;919,0;V;918,0;V;918,0;V;917,0;V;917,0;V;917,0;V;917,0;V;917,0;V;917,0;V;917,0;V;916,0;V;915,0;V;914,0;V;914,0;V;913,0;V;913,0;V;914,0;V;914,0;V;915,0;V;916,0;V;916,0;V;917,0;V;917,0;V
28;47;2;88;28047002_88_89;2026;3;2;0,0;V;0,0;V;0,0;V;0,0;V;0,0;V;0,0;V;0,0;V;14,0;V;59,0;V;123,0;V;355,0;V;365,0;V;549,0;V;674,0;V;561,0;V;409,0;V;166,0;V;21,0;V;0,0;V;0,0;V;0,0;V;0,0;V;0,0;V;0,0;V
28;47;2;89;28047002_89_89;2026;3;2;0,0;V;0,0;V;0,0;V;0,0;V;0,0;V;0,0;V;0,0;V;0,0;V;0,0;V;0,0;V;0,0;V;0,0;V;0,0;V;0,0;V;0,0;V;0,0;V;0,0;V;0,0;V;0,0;V;0,0;V;0,0;V;0,4;V;0,4;V;0,2;V
28;49;3;81;28049003_81_89;2026;3;2;0,5;V;0,3;V;0,4;V;0,4;V;0,4;V;0,6;V;0,4;V;0,6;V;1,0;V;1,1;V;1,0;V;1,2;V;1,3;V;1,2;V;1,3;V;1,3;V;1,8;V;1,6;V;1,5;V;1,8;V;1,1;V;0,7;V;0,8;V;1,0;V
28;49;3;82;28049003_82_89;2026;3;2;77,0;V;360,0;V;313,0;V;347,0;V;354,0;V;350,0;V;326,0;V;38,0;V;69,0;V;74,0;V;118,0;V;128,0;V;100,0;V;129,0;V;130,0;V;112,0;V;107,0;V;110,0;V;124,0;V;108,0;V;98,0;V;90,0;V;136,0;V;102,0;V
28;49;3;83;28049003_83_89;2026;3;2;8,5;V;7,2;V;6,3;V;5,6;V;5,2;V;5,0;V;4,4;V;4,6;V;6,2;V;8,9;V;10,9;V;12,6;V;15,1;V;16,8;V;17,7;V;17,9;V;16,5;V;13,7;V;11,9;V;11,8;V;11,7;V;11,7;V;11,4;V;11,0;V
28;49;3;86;28049003_86_89;2026;3;2;71,0;V;76,0;V;79,0;V;82,0;V;83,0;V;84,0;V;85,0;V;84,0;V;77,0;V;65,0;V;58,0;V;55,0;V;47,0;V;42,0;V;39,0;V;40,0;V;44,0;V;55,0;V;63,0;V;64,0;V;63,0;V;62,0;V;64,0;V;66,0;V
28;49;3;87;28049003_87_89;2026;3;2;948,0;V;947,0;V;946,0;V;945,0;V;945,0;V;945,0;V;944,0;V;944,0;V;945,0;V;945,0;V;944,0;V;943,0;V;941,0;V;939,0;V;938,0;V;937,0;V;937,0;V;939,0;V;940,0;V;941,0;V;942,0;V;942,0;V;943,0;V;943,0;V
28;49;3;88;28049003_88_89;2026;3;2;0,0;V;0,0;V;0,0;V;0,0;V;0,0;V;0,0;V;0,0;V;10,0;V;184,0;V;304,0;V;377,0;V;676,0;V;703,0;V;624,0;V;539,0;V;326,0;V;174,0;V;54,0;V;0,0;V;0,0;V;0,0;V;0,0;V;0,0;V;0,0;V
28;49;3;89;28049003_89_89;2026;3;2;0,0;V;0,0;V;0,0;V;0,0;V;0,0;V;0,0;V;0,0;V;0,0;V;0,0;V;0,0;V;0,0;V;0,0;V;0,0;V;0,0;V;0,0;V;0,0;V;0,0;V;0,0;V;0,0;V;0,0;V;0,0;V;0,0;V;0,0;V;0,0;V
28;5;2;81;28005002_81_89;2026;3;2;0,7;V;0,5;V;0,4;V;0,7;V;0,6;V;0,5;V;0,7;V;1,1;V;1,3;V;1,4;V;0,8;V;0,9;V;1,0;V;1,4;V;1,7;V;2,4;V;2,4;V;2,8;V;2,4;V;1,7;V;1,2;V;1,3;V;0,5;V;0,4;V
28;5;2;82;28005002_82_89;2026;3;2;63,0;V;78,0;V;154,0;V;57,0;V;36,0;V;76,0;V;47,0;V;80,0;V;65,0;V;63,0;V;36,0;V;189,0;V;186,0;V;186,0;V;179,0;V;159,0;V;163,0;V;164,0;V;163,0;V;143,0;V;120,0;V;117,0;V;166,0;V;11,0;V
28;5;2;83;28005002_83_89;2026;3;2;8,5;V;7,9;V;6,8;V;6,1;V;5,5;V;5,0;V;4,6;V;4,8;V;6,0;V;8,1;V;10,2;V;12,4;V;14,4;V;15,9;V;16,8;V;16,8;V;15,8;V;13,4;V;12,2;V;12,0;V;12,0;V;11,8;V;11,6;V;11,4;V
28;5;2;86;28005002_86_89;2026;3;2;74,0;V;75,0;V;79,0;V;82,0;V;84,0;V;85,0;V;86,0;V;86,0;V;83,0;V;74,0;V;67,0;V;60,0;V;53,0;V;47,0;V;45,0;V;45,0;V;49,0;V;57,0;V;64,0;V;65,0;V;63,0;V;64,0;V;65,0;V;66,0;V
28;5;2;87;28005002_87_89;2026;3;2;957,0;V;957,0;V;956,0;V;955,0;V;955,0;V;955,0;V;954,0;V;954,0;V;955,0;V;955,0;V;954,0;V;954,0;V;953,0;V;952,0;V;951,0;V;950,0;V;951,0;V;951,0;V;952,0;V;952,0;V;953,0;V;953,0;V;954,0;V;954,0;V
28;5;2;88;28005002_88_89;2026;3;2;0,0;V;0,0;V;0,0;V;0,0;V;0,0;V;0,0;V;2,0;V;17,0;V;173,0;V;316,0;V;496,0;V;625,0;V;665,0;V;633,0;V;540,0;V;391,0;V;141,0;V;45,0;V;1,0;V;0,0;V;0,0;V;0,0;V;0,0;V;0,0;V
28;5;2;89;28005002_89_89;2026;3;2;0,0;V;0,0;V;0,0;V;0,0;V;0,0;V;0,0;V;0,0;V;0,0;V;0,0;V;0,0;V;0,0;V;0,0;V;0,0;V;0,0;V;0,0;V;0,0;V;0,0;V;0,0;V;0,0;V;0,0;V;0,0;V;0,0;V;0,0;V;0,0;V
28;58;4;81;28058004_81_89;2026;3;2;2,0;V;2,1;V;2,5;V;2,5;V;2,5;V;2,3;V;2,3;V;2,0;V;3,1;V;3,5;V;3,0;V;3,3;V;3,2;V;3,2;V;3,0;V;3,4;V;4,1;V;3,7;V;3,1;V;3,1;V;3,2;V;3,1;V;3,2;V;2,7;V
28;58;4;82;28058004_82_89;2026;3;2;95,0;V;80,0;V;103,0;V;108,0;V;124,0;V;99,0;V;62,0;V;69,0;V;80,0;V;84,0;V;92,0;V;92,0;V;91,0;V;111,0;V;117,0;V;129,0;V;119,0;V;120,0;V;109,0;V;105,0;V;95,0;V;77,0;V;90,0;V;86,0;V
28;58;4;83;28058004_83_89;2026;3;2;8,1;V;7,6;V;7,1;V;6,9;V;6,7;V;6,6;V;6,3;V;6,4;V;8,2;V;8,0;V;9,2;V;11,8;V;14,4;V;15,0;V;16,3;V;16,5;V;15,4;V;13,1;V;11,9;V;11,5;V;10,9;V;10,6;V;10,5;V;10,3;V
28;58;4;86;28058004_86_89;2026;3;2;74,0;V;76,0;V;79,0;V;80,0;V;81,0;V;81,0;V;82,0;V;81,0;V;73,0;V;74,0;V;70,0;V;60,0;V;52,0;V;48,0;V;43,0;V;41,0;V;47,0;V;57,0;V;64,0;V;67,0;V;70,0;V;74,0;V;74,0;V;75,0;V
28;58;4;87;28058004_87_89;2026;3;2;941,0;V;941,0;V;940,0;V;939,0;V;939,0;V;938,0;V;938,0;V;938,0;V;938,0;V;939,0;V;938,0;V;938,0;V;937,0;V;936,0;V;935,0;V;934,0;V;934,0;V;935,0;V;936,0;V;937,0;V;937,0;V;938,0;V;938,0;V;938,0;V
28;58;4;88;28058004_88_89;2026;3;2;4,0;V;5,0;V;5,0;V;5,0;V;5,0;V;5,0;V;7,0;V;31,0;V;205,0;V;218,0;V;321,0;V;614,0;V;658,0;V;622,0;V;524,0;V;279,0;V;225,0;V;72,0;V;4,0;V;4,0;V;4,0;V;5,0;V;5,0;V;5,0;V
28;58;4;89;28058004_89_89;2026;3;2;0,0;V;0,0;V;0,0;V;0,0;V;0,0;V;0,0;V;0,0;V;0,0;V;0,0;V;0,0;V;0,0;V;0,0;V;0,0;V;0,0;V;0,0;V;0,0;V;0,0;V;0,0;V;0,0;V;0,0;V;0,0;V;0,0;V;0,0;V;0,0;V
28;6;4;81;28006004_81_89;2026;3;2;0,1;V;0,1;V;0,1;V;0,1;V;0,1;V;0,1;V;0,1;V;0,1;V;0,1;V;0,2;V;0,4;V;1,7;V;1,2;V;1,4;V;1,1;V;0,8;V;2,8;V;4,1;V;3,7;V;2,9;V;1,4;V;1,1;V;0,1;V;1,0;V
28;6;4;82;28006004_82_89;2026;3;2;115,0;V;78,0;V;97,0;V;95,0;V;67,0;V;65,0;V;58,0;V;60,0;V;81,0;V;108,0;V;110,0;V;123,0;V;136,0;V;127,0;V;114,0;V;142,0;V;153,0;V;149,0;V;155,0;V;156,0;V;147,0;V;138,0;V;102,0;V;156,0;V
28;6;4;83;28006004_83_89;2026;3;2;8,4;V;8,0;V;7,4;V;6,7;V;6,0;V;5,9;V;5,6;V;5,4;V;7,0;V;8,5;V;9,8;V;10,5;V;11,5;V;13,1;V;14,8;V;15,7;V;15,2;V;13,3;V;11,4;V;11,1;V;11,0;V;11,2;V;10,9;V;10,6;V
28;6;4;86;28006004_86_89;2026;3;2;71,0;V;73,0;V;75,0;V;78,0;V;81,0;V;81,0;V;81,0;V;81,0;V;76,0;V;69,0;V;63,0;V;60,0;V;58,0;V;54,0;V;48,0;V;44,0;V;47,0;V;55,0;V;64,0;V;67,0;V;66,0;V;64,0;V;67,0;V;68,0;V
28;6;4;87;28006004_87_89;2026;3;2;947,0;V;946,0;V;946,0;V;945,0;V;944,0;V;944,0;V;944,0;V;943,0;V;945,0;V;945,0;V;945,0;V;945,0;V;944,0;V;943,0;V;942,0;V;941,0;V;942,0;V;943,0;V;944,0;V;945,0;V;947,0;V;947,0;V;947,0;V;948,0;V
28;6;4;88;28006004_88_89;2026;3;2;9,0;V;12,0;V;13,0;V;14,0;V;15,0;V;16,0;V;18,0;V;52,0;V;170,0;V;370,0;V;535,0;V;646,0;V;711,0;V;684,0;V;583,0;V;420,0;V;119,0;V;42,0;V;4,0;V;3,0;V;3,0;V;3,0;V;4,0;V;4,0;V
28;6;4;89;28006004_89_89;2026;3;2;0,0;V;0,0;V;0,0;V;0,0;V;0,0;V;0,0;V;0,0;V;0,0;V;0,0;V;0,0;V;0,0;V;0,0;V;0,0;V;0,0;V;0,0;V;0,0;V;0,0;V;0,0;V;0,0;V;0,0;V;0,0;V;0,0;V;0,0;V;0,0;V
28;65;14;81;28065014_81_89;2026;3;2;0,1;V;0,2;V;0,3;V;0,4;V;0,4;V;0,5;V;0,5;V;0,5;V;1,0;V;1,2;V;1,1;V;1,3;V;1,3;V;1,3;V;1,2;V;1,5;V;1,8;V;1,5;V;1,0;V;1,3;V;0,7;V;1,0;V;0,8;V;0,9;V
28;65;14;82;28065014_82_89;2026;3;2;117,0;V;117,0;V;121,0;V;95,0;V;100,0;V;85,0;V;97,0;V;100,0;V;100,0;V;104,0;V;109,0;V;106,0;V;102,0;V;117,0;V;127,0;V;130,0;V;134,0;V;129,0;V;117,0;V;119,0;V;115,0;V;111,0;V;112,0;V;95,0;V
28;65;14;83;28065014_83_89;2026;3;2;7,3;V;6,9;V;6,5;V;6,2;V;6,3;V;6,0;V;5,9;V;5,7;V;7,1;V;8,4;V;9,4;V;11,2;V;13,7;V;15,6;V;16,6;V;17,0;V;15,2;V;13,2;V;11,8;V;11,4;V;11,0;V;10,6;V;10,4;V;10,1;V
28;65;14;86;28065014_86_89;2026;3;2;80,0;V;83,0;V;86,0;V;87,0;V;87,0;V;88,0;V;88,0;V;88,0;V;82,0;V;74,0;V;70,0;V;62,0;V;52,0;V;45,0;V;41,0;V;39,0;V;46,0;V;55,0;V;63,0;V;66,0;V;69,0;V;73,0;V;77,0;V;78,0;V
28;65;14;87;28065014_87_89;2026;3;2;951,0;V;950,0;V;950,0;V;949,0;V;948,0;V;948,0;V;948,0;V;948,0;V;948,0;V;948,0;V;948,0;V;948,0;V;947,0;V;946,0;V;945,0;V;944,0;V;944,0;V;945,0;V;946,0;V;946,0;V;947,0;V;947,0;V;948,0;V;948,0;V
28;65;14;88;28065014_88_89;2026;3;2;0,0;V;0,0;V;0,0;V;0,0;V;0,0;V;0,0;V;1,0;V;14,0;V;164,0;V;279,0;V;411,0;V;590,0;V;720,0;V;692,0;V;583,0;V;425,0;V;200,0;V;59,0;V;0,0;V;0,0;V;0,0;V;0,0;V;0,0;V;0,0;V
28;65;14;89;28065014_89_89;2026;3;2;0,0;V;0,0;V;0,0;V;0,0;V;0,0;V;0,0;V;0,0;V;0,0;V;0,0;V;0,0;V;0,0;V;0,0;V;0,0;V;0,0;V;0,0;V;0,0;V;0,0;V;0,0;V;0,0;V;0,0;V;0,0;V;0,0;V;0,0;V;0,0;V
28;67;1;81;28067001_81_89;2026;3;2;0,5;V;0,3;V;0,2;V;0,4;V;0,2;V;0,2;V;0,2;V;0,2;V;0,5;V;0,7;V;0,5;V;1,2;V;1,7;V;1,8;V;1,5;V;1,4;V;1,7;V;2,2;V;3,7;V;0,6;V;0,2;V;0,2;V;0,3;V;0,2;V
28;67;1;82;28067001_82_89;2026;3;2;355,0;V;237,0;V;1,0;V;61,0;V;196,0;V;149,0;V;136,0;V;161,0;V;71,0;V;58,0;V;60,0;V;99,0;V;146,0;V;112,0;V;117,0;V;137,0;V;174,0;V;173,0;V;173,0;V;206,0;V;310,0;V;8,0;V;64,0;V;186,0;V
28;67;1;83;28067001_83_89;2026;3;2;7,6;V;6,5;V;4,0;V;3,2;V;4,0;V;5,0;V;5,0;V;5,3;V;6,0;V;7,1;V;8,6;V;9,9;V;11,0;V;11,9;V;12,7;V;13,4;V;13,6;V;12,9;V;10,7;V;9,8;V;9,4;V;9,0;V;8,4;V;8,1;V
28;67;1;86;28067001_86_89;2026;3;2;78,0;V;82,0;V;87,0;V;90,0;V;91,0;V;89,0;V;88,0;V;90,0;V;86,0;V;81,0;V;74,0;V;68,0;V;65,0;V;61,0;V;57,0;V;56,0;V;55,0;V;58,0;V;65,0;V;73,0;V;77,0;V;81,0;V;86,0;V;88,0;V
28;67;1;87;28067001_87_89;2026;3;2;923,0;V;923,0;V;922,0;V;921,0;V;921,0;V;921,0;V;920,0;V;920,0;V;920,0;V;920,0;V;920,0;V;920,0;V;919,0;V;918,0;V;918,0;V;917,0;V;917,0;V;917,0;V;918,0;V;919,0;V;920,0;V;920,0;V;920,0;V;920,0;V
28;67;1;88;28067001_88_89;2026;3;2;1,0;V;1,0;V;1,0;V;1,0;V;1,0;V;1,0;V;1,0;V;17,0;V;84,0;V;241,0;V;369,0;V;652,0;V;735,0;V;781,0;V;658,0;V;486,0;V;261,0;V;41,0;V;1,0;V;1,0;V;1,0;V;1,0;V;1,0;V;1,0;V
28;67;1;89;28067001_89_89;2026;3;2;0,0;V;0,0;V;0,0;V;0,0;V;0,0;V;0,0;V;0,0;V;0,0;V;0,0;V;0,0;V;0,0;V;0,0;V;0,0;V;0,0;V;0,0;V;0,0;V;0,0;V;0,0;V;0,0;V;0,0;V;0,0;V;0,0;V;0,0;V;0,0;V
28;7;4;81;28007004_81_89;2026;3;2;1,7;V;1,3;V;1,4;V;1,6;V;1,5;V;1,6;V;1,3;V;1,3;V;2,0;V;2,3;V;2,2;V;2,3;V;2,2;V;2,7;V;2,6;V;3,2;V;4,2;V;4,0;V;4,0;V;3,9;V;3,6;V;2,5;V;2,1;V;1,9;V
28;7;4;82;28007004_82_89;2026;3;2;110,0;V;78,0;V;82,0;V;89,0;V;89,0;V;75,0;V;83,0;V;89,0;V;93,0;V;106,0;V;110,0;V;98,0;V;103,0;V;114,0;V;119,0;V;128,0;V;127,0;V;128,0;V;121,0;V;120,0;V;117,0;V;108,0;V;109,0;V;102,0;V
28;7;4;83;28007004_83_89;2026;3;2;9,1;V;8,6;V;8,1;V;7,8;V;7,6;V;7,5;V;7,4;V;7,4;V;8,7;V;9,1;V;10,4;V;11,2;V;13,4;V;15,0;V;16,4;V;16,9;V;16,2;V;13,9;V;12,3;V;11,8;V;11,3;V;10,8;V;10,8;V;10,8;V
28;7;4;86;28007004_86_89;2026;3;2;77,0;V;80,0;V;83,0;V;85,0;V;86,0;V;86,0;V;87,0;V;86,0;V;73,0;V;67,0;V;63,0;V;62,0;V;54,0;V;49,0;V;44,0;V;42,0;V;46,0;V;57,0;V;67,0;V;71,0;V;76,0;V;83,0;V;83,0;V;83,0;V
28;7;4;87;28007004_87_89;2026;3;2;935,0;V;935,0;V;934,0;V;933,0;V;933,0;V;933,0;V;932,0;V;932,0;V;933,0;V;933,0;V;933,0;V;932,0;V;931,0;V;930,0;V;929,0;V;929,0;V;929,0;V;930,0;V;930,0;V;931,0;V;931,0;V;932,0;V;932,0;V;932,0;V
28;7;4;88;28007004_88_89;2026;3;2;3,0;V;3,0;V;3,0;V;3,0;V;3,0;V;3,0;V;4,0;V;30,0;V;210,0;V;335,0;V;506,0;V;539,0;V;685,0;V;646,0;V;557,0;V;375,0;V;264,0;V;75,0;V;4,0;V;3,0;V;3,0;V;3,0;V;3,0;V;3,0;V
28;7;4;89;28007004_89_89;2026;3;2;0,0;V;0,0;V;0,0;V;0,0;V;0,0;V;0,0;V;0,0;V;0,0;V;0,0;V;0,0;V;0,0;V;0,0;V;0,0;V;0,0;V;0,0;V;0,0;V;0,0;V;0,0;V;0,0;V;0,0;V;0,0;V;0,0;V;0,0;V;0,1;V
28;74;7;81;28074007_81_89;2026;3;2;0,2;V;0,3;V;0,4;V;0,4;V;0,5;V;0,5;V;0,5;V;0,4;V;1,4;V;1,4;V;1,1;V;1,5;V;1,6;V;1,5;V;1,5;V;2,0;V;2,7;V;2,4;V;1,7;V;1,7;V;1,1;V;0,6;V;0,6;V;0,9;V
28;74;7;82;28074007_82_89;2026;3;2;89,0;V;92,0;V;96,0;V;98,0;V;94,0;V;100,0;V;99,0;V;100,0;V;101,0;V;125,0;V;264,0;V;223,0;V;150,0;V;171,0;V;262,0;V;304,0;V;288,0;V;282,0;V;267,0;V;269,0;V;249,0;V;118,0;V;156,0;V;92,0;V
28;74;7;83;28074007_83_89;2026;3;2;9,8;V;9,0;V;8,5;V;8,1;V;8,2;V;8,1;V;7,9;V;7,8;V;9,7;V;11,2;V;12,3;V;14,3;V;16,4;V;18,2;V;19,0;V;19,1;V;17,5;V;15,2;V;13,8;V;13,2;V;12,9;V;12,6;V;12,2;V;12,0;V
28;74;7;86;28074007_86_89;2026;3;2;76,0;V;79,0;V;82,0;V;84,0;V;83,0;V;83,0;V;83,0;V;84,0;V;76,0;V;67,0;V;63,0;V;56,0;V;50,0;V;43,0;V;41,0;V;40,0;V;46,0;V;54,0;V;62,0;V;66,0;V;69,0;V;71,0;V;75,0;V;75,0;V
28;74;7;87;28074007_87_89;2026;3;2;951,0;V;951,0;V;950,0;V;949,0;V;948,0;V;948,0;V;948,0;V;948,0;V;948,0;V;948,0;V;948,0;V;948,0;V;947,0;V;946,0;V;945,0;V;944,0;V;944,0;V;945,0;V;946,0;V;946,0;V;947,0;V;947,0;V;948,0;V;948,0;V
28;74;7;88;28074007_88_89;2026;3;2;5,0;V;5,0;V;5,0;V;5,0;V;5,0;V;4,0;V;5,0;V;17,0;V;183,0;V;282,0;V;346,0;V;560,0;V;621,0;V;582,0;V;507,0;V;318,0;V;176,0;V;61,0;V;5,0;V;4,0;V;4,0;V;5,0;V;5,0;V;5,0;V
28;74;7;89;28074007_89_89;2026;3;2;0,0;V;0,0;V;0,0;V;0,0;V;0,0;V;0,0;V;0,0;V;0,0;V;0,0;V;0,0;V;0,0;V;0,0;V;0,0;V;0,0;V;0,0;V;0,0;V;0,0;V;0,0;V;0,0;V;0,0;V;0,0;V;0,0;V;0,0;V;0,0;V
28;80;3;81;28080003_81_89;2026;3;2;1,6;V;1,7;V;2,0;V;2,0;V;2,0;V;2,2;V;2,0;V;1,3;V;1,9;V;2,0;V;2,2;V;2,7;V;2,6;V;2,5;V;2,7;V;3,0;V;3,5;V;3,9;V;3,1;V;3,5;V;3,1;V;2,3;V;2,2;V;2,1;V
28;80;3;82;28080003_82_89;2026;3;2;63,0;V;61,0;V;64,0;V;63,0;V;62,0;V;62,0;V;62,0;V;70,0;V;72,0;V;100,0;V;115,0;V;112,0;V;92,0;V;113,0;V;128,0;V;143,0;V;150,0;V;151,0;V;146,0;V;139,0;V;132,0;V;108,0;V;115,0;V;109,0;V
28;80;3;83;28080003_83_89;2026;3;2;7,9;V;7,0;V;6,3;V;5,8;V;5,8;V;5,7;V;5,7;V;5,4;V;6,8;V;8,1;V;9,2;V;9,9;V;10,8;V;12,7;V;14,1;V;15,0;V;15,1;V;13,0;V;11,2;V;10,5;V;10,1;V;9,6;V;9,5;V;9,4;V
28;80;3;86;28080003_86_89;2026;3;2;73,0;V;77,0;V;80,0;V;81,0;V;81,0;V;81,0;V;82,0;V;82,0;V;78,0;V;72,0;V;67,0;V;65,0;V;63,0;V;58,0;V;53,0;V;50,0;V;49,0;V;57,0;V;65,0;V;69,0;V;71,0;V;75,0;V;76,0;V;76,0;V
28;80;3;87;28080003_87_89;2026;3;2;938,0;V;937,0;V;937,0;V;936,0;V;936,0;V;935,0;V;935,0;V;935,0;V;935,0;V;935,0;V;935,0;V;935,0;V;934,0;V;933,0;V;932,0;V;931,0;V;931,0;V;932,0;V;933,0;V;933,0;V;934,0;V;934,0;V;935,0;V;935,0;V
28;80;3;88;28080003_88_89;2026;3;2;1,0;V;1,0;V;1,0;V;1,0;V;1,0;V;1,0;V;1,0;V;35,0;V;250,0;V;373,0;V;594,0;V;659,0;V;658,0;V;593,0;V;488,0;V;353,0;V;196,0;V;49,0;V;1,0;V;1,0;V;1,0;V;1,0;V;1,0;V;1,0;V
28;80;3;89;28080003_89_89;2026;3;2;0,0;V;0,0;V;0,0;V;0,0;V;0,0;V;0,0;V;0,0;V;0,0;V;0,0;V;0,0;V;0,0;V;0,0;V;0,0;V;0,0;V;0,0;V;0,0;V;0,0;V;0,0;V;0,0;V;0,0;V;0,0;V;0,0;V;0,0;V;0,0;V
28;9;1;81;28009001_81_89;2026;3;2;0,6;V;0,1;V;0,4;V;1,4;V;1,7;V;1,4;V;1,7;V;2,1;V;1,7;V;1,7;V;1,7;V;2,2;V;2,1;V;2,2;V;1,8;V;2,5;V;4,4;V;5,2;V;5,0;V;4,2;V;1,5;V;0,3;V;0,2;V;0,1;V
28;9;1;82;28009001_82_89;2026;3;2;195,0;V;153,0;V;57,0;V;67,0;V;74,0;V;69,0;V;67,0;V;79,0;V;65,0;V;87,0;V;139,0;V;157,0;V;141,0;V;149,0;V;154,0;V;165,0;V;165,0;V;165,0;V;157,0;V;152,0;V;122,0;V;52,0;V;154,0;V;73,0;V
28;9;1;83;28009001_83_89;2026;3;2;7,9;V;7,2;V;6,5;V;6,2;V;5,8;V;5,8;V;4,9;V;5,3;V;6,6;V;8,3;V;9,4;V;10,2;V;11,1;V;12,6;V;14,3;V;15,1;V;14,9;V;12,9;V;11,1;V;10,7;V;10,6;V;10,3;V;10,2;V;10,0;V
28;9;1;86;28009001_86_89;2026;3;2;66,0;V;69,0;V;70,0;V;72,0;V;74,0;V;75,0;V;76,0;V;77,0;V;78,0;V;77,0;V;75,0;V;71,0;V;66,0;V;62,0;V;56,0;V;51,0;V;47,0;V;49,0;V;54,0;V;60,0;V;62,0;V;64,0;V;65,0;V;66,0;V
28;9;1;87;28009001_87_89;2026;3;2;937,0;V;937,0;V;936,0;V;935,0;V;935,0;V;935,0;V;934,0;V;934,0;V;935,0;V;935,0;V;934,0;V;934,0;V;933,0;V;932,0;V;931,0;V;931,0;V;931,0;V;931,0;V;932,0;V;933,0;V;934,0;V;934,0;V;934,0;V;934,0;V
28;9;1;88;28009001_88_89;2026;3;2;0,0;V;0,0;V;0,0;V;0,0;V;0,0;V;0,0;V;2,0;V;41,0;V;242,0;V;406,0;V;565,0;V;617,0;V;686,0;V;614,0;V;530,0;V;387,0;V;205,0;V;40,0;V;1,0;V;0,0;V;0,0;V;0,0;V;0,0;V;0,0;V
28;9;1;89;28009001_89_89;2026;3;2;0,0;V;0,0;V;0,0;V;0,0;V;0,0;V;0,0;V;0,0;V;0,0;V;0,0;V;0,0;V;0,0;V;0,0;V;0,0;V;0,0;V;0,0;V;0,0;V;0,0;V;0,0;V;0,0;V;0,0;V;0,0;V;0,0;V;0,0;V;0,0;V
28;92;5;81;28092005_81_89;2026;3;2;1,6;V;0,6;V;0,6;V;0,6;V;0,5;V;0,7;V;0,6;V;0,6;V;0,9;V;2,2;V;1,6;V;1,5;V;1,3;V;2,4;V;2,1;V;2,8;V;3,6;V;3,9;V;4,0;V;3,4;V;2,9;V;2,3;V;2,1;V;1,8;V
28;92;5;82;28092005_82_89;2026;3;2;100,0;V;60,0;V;59,0;V;64,0;V;64,0;V;54,0;V;64,0;V;68,0;V;83,0;V;103,0;V;93,0;V;93,0;V;80,0;V;112,0;V;104,0;V;124,0;V;124,0;V;126,0;V;116,0;V;111,0;V;105,0;V;105,0;V;98,0;V;95,0;V
28;92;5;83;28092005_83_89;2026;3;2;9,0;V;8,4;V;8,0;V;7,7;V;7,4;V;7,4;V;7,3;V;7,3;V;9,9;V;9,9;V;10,9;V;13,1;V;15,2;V;16,1;V;17,4;V;17,9;V;17,0;V;14,3;V;12,8;V;12,2;V;11,6;V;11,0;V;10,9;V;10,8;V
28;92;5;86;28092005_86_89;2026;3;2;74,0;V;77,0;V;79,0;V;80,0;V;82,0;V;82,0;V;82,0;V;81,0;V;68,0;V;68,0;V;65,0;V;58,0;V;51,0;V;48,0;V;43,0;V;40,0;V;44,0;V;55,0;V;63,0;V;67,0;V;71,0;V;77,0;V;78,0;V;78,0;V
28;92;5;87;28092005_87_89;2026;3;2;942,0;V;942,0;V;941,0;V;939,0;V;939,0;V;939,0;V;938,0;V;938,0;V;939,0;V;939,0;V;939,0;V;938,0;V;937,0;V;936,0;V;935,0;V;934,0;V;934,0;V;935,0;V;936,0;V;936,0;V;937,0;V;938,0;V;938,0;V;938,0;V
28;92;5;88;28092005_88_89;2026;3;2;2,0;V;2,0;V;2,0;V;2,0;V;2,0;V;2,0;V;3,0;V;38,0;V;245,0;V;337,0;V;447,0;V;586,0;V;681,0;V;633,0;V;541,0;V;415,0;V;265,0;V;66,0;V;3,0;V;2,0;V;2,0;V;2,0;V;2,0;V;2,0;V
28;92;5;89;28092005_89_89;2026;3;2;0,0;V;0,0;V;0,0;V;0,0;V;0,0;V;0,0;V;0,0;V;0,0;V;0,0;V;0,0;V;0,0;V;0,0;V;0,0;V;0,0;V;0,0;V;0,0;V;0,0;V;0,0;V;0,0;V;0,0;V;0,0;V;0,0;V;0,0;V;0,0;V
28;102;1;81;28102001_81_89;2026;3;3;1,5;V;1,8;V;2,1;V;1,7;V;1,7;V;1,7;V;2,0;V;1,5;V;0,8;V;0,8;V;0,9;V;1,6;V;1,4;V;1,2;V;1,2;V;1,0;V;1,2;V;1,2;V;1,1;V;0,9;V;0,5;V;0,5;V;0,8;V;1,2;V
28;102;1;82;28102001_82_89;2026;3;3;103,0;V;86,0;V;100,0;V;113,0;V;115,0;V;88,0;V;79,0;V;56,0;V;49,0;V;114,0;V;132,0;V;106,0;V;128,0;V;146,0;V;157,0;V;173,0;V;191,0;V;209,0;V;214,0;V;191,0;V;216,0;V;52,0;V;326,0;V;312,0;V
28;102;1;83;28102001_83_89;2026;3;3;8,8;V;9,0;V;9,2;V;9,3;V;9,3;V;9,3;V;9,4;V;9,0;V;9,3;V;10,7;V;11,6;V;13,2;V;14,3;V;14,8;V;15,1;V;15,3;V;14,6;V;13,5;V;12,2;V;12,0;V;11,9;V;11,1;V;10,7;V;9,4;V
28;102;1;86;28102001_86_89;2026;3;3;86,0;V;86,0;V;83,0;V;80,0;V;78,0;V;78,0;V;75,0;V;79,0;V;79,0;V;73,0;V;68,0;V;57,0;V;52,0;V;52,0;V;52,0;V;53,0;V;58,0;V;64,0;V;71,0;V;72,0;V;72,0;V;76,0;V;78,0;V;84,0;V
28;102;1;87;28102001_87_89;2026;3;3;923,0;V;923,0;V;922,0;V;922,0;V;922,0;V;922,0;V;922,0;V;923,0;V;924,0;V;924,0;V;924,0;V;924,0;V;924,0;V;923,0;V;923,0;V;923,0;V;922,0;V;923,0;V;923,0;V;924,0;V;924,0;V;924,0;V;925,0;V;925,0;V
28;102;1;88;28102001_88_89;2026;3;3;0,0;V;0,0;V;0,0;V;0,0;V;0,0;V;0,0;V;1,0;V;22,0;V;114,0;V;216,0;V;269,0;V;500,0;V;517,0;V;497,0;V;390,0;V;299,0;V;157,0;V;38,0;V;1,0;V;0,0;V;0,0;V;0,0;V;0,0;V;0,0;V
28;102;1;89;28102001_89_89;2026;3;3;0,0;V;0,0;V;0,0;V;0,0;V;0,0;V;0,0;V;0,0;V;0,0;V;0,0;V;0,0;V;0,0;V;0,0;V;0,0;V;0,0;V;0,0;V;0,0;V;0,0;V;0,0;V;0,0;V;0,0;V;0,0;V;0,0;V;0,0;V;0,0;V
28;106;1;81;28106001_81_89;2026;3;3;1,2;V;1,1;V;0,3;V;0,4;V;0,2;V;0,4;V;0,5;V;0,6;V;0,4;V;0,7;V;1,0;V;1,3;V;1,2;V;1,2;V;1,5;V;1,5;V;0,8;V;1,3;V;1,0;V;0,3;V;0,2;V;0,3;V;0,4;V;0,4;V
28;106;1;82;28106001_82_89;2026;3;3;83,0;V;57,0;V;51,0;V;71,0;V;67,0;V;46,0;V;35,0;V;31,0;V;52,0;V;68,0;V;44,0;V;50,0;V;61,0;V;78,0;V;87,0;V;96,0;V;91,0;V;108,0;V;141,0;V;30,0;V;21,0;V;21,0;V;39,0;V;23,0;V
28;106;1;83;28106001_83_89;2026;3;3;10,6;V;10,3;V;10,3;V;10,5;V;10,5;V;10,4;V;10,4;V;10,7;V;11,6;V;12,6;V;13,2;V;14,1;V;15,4;V;16,7;V;17,2;V;17,6;V;17,3;V;16,3;V;14,5;V;13,1;V;12,8;V;12,0;V;11,3;V;10,5;V
28;106;1;86;28106001_86_89;2026;3;3;79,0;V;80,0;V;79,0;V;77,0;V;76,0;V;76,0;V;76,0;V;73,0;V;70,0;V;62,0;V;60,0;V;56,0;V;50,0;V;47,0;V;45,0;V;44,0;V;45,0;V;49,0;V;58,0;V;65,0;V;67,0;V;70,0;V;72,0;V;75,0;V
28;106;1;87;28106001_87_89;2026;3;3;939,0;V;939,0;V;939,0;V;939,0;V;939,0;V;939,0;V;939,0;V;939,0;V;940,0;V;941,0;V;941,0;V;940,0;V;940,0;V;939,0;V;939,0;V;939,0;V;938,0;V;939,0;V;939,0;V;940,0;V;940,0;V;941,0;V;941,0;V;941,0;V
28;106;1;88;28106001_88_89;2026;3;3;1,0;V;1,0;V;1,0;V;1,0;V;1,0;V;1,0;V;1,0;V;25,0;V;123,0;V;296,0;V;356,0;V;469,0;V;557,0;V;538,0;V;412,0;V;318,0;V;173,0;V;46,0;V;1,0;V;1,0;V;1,0;V;1,0;V;1,0;V;1,0;V
28;106;1;89;28106001_89_89;2026;3;3;0,0;V;0,0;V;0,0;V;0,0;V;0,0;V;0,0;V;0,0;V;0,0;V;0,0;V;0,0;V;0,0;V;0,0;V;0,0;V;0,0;V;0,0;V;0,0;V;0,0;V;0,0;V;0,0;V;0,0;V;0,0;V;0,0;V;0,0;V;0,0;V
28;115;3;81;28115003_81_89;2026;3;3;0,3;V;0,3;V;0,2;V;0,1;V;0,1;V;0,1;V;0,2;V;0,3;V;0,6;V;1,3;V;1,5;V;1,0;V;1,1;V;1,4;V;1,3;V;1,4;V;1,1;V;0,9;V;0,7;V;0,7;V;0,7;V;0,4;V;0,2;V;0,1;V
28;115;3;82;28115003_82_89;2026;3;3;93,0;V;57,0;V;24,0;V;46,0;V;42,0;V;48,0;V;24,0;V;33,0;V;45,0;V;51,0;V;57,0;V;52,0;V;56,0;V;55,0;V;49,0;V;53,0;V;42,0;V;34,0;V;34,0;V;35,0;V;46,0;V;33,0;V;29,0;V;5,0;V
28;115;3;83;28115003_83_89;2026;3;3;9,8;V;9,9;V;9,5;V;9,1;V;9,0;V;9,1;V;9,3;V;9,5;V;10,5;V;11,8;V;12,9;V;13,5;V;15,0;V;15,4;V;15,5;V;15,7;V;14,9;V;14,1;V;12,9;V;12,0;V;11,3;V;10,6;V;9,9;V;9,3;V
28;115;3;86;28115003_86_89;2026;3;3;87,0;V;85,0;V;88,0;V;92,0;V;91,0;V;90,0;V;88,0;V;85,0;V;80,0;V;72,0;V;65,0;V;62,0;V;54,0;V;50,0;V;52,0;V;50,0;V;54,0;V;59,0;V;65,0;V;70,0;V;73,0;V;78,0;V;82,0;V;86,0;V
28;115;3;87;28115003_87_89;2026;3;3;940,0;V;939,0;V;939,0;V;939,0;V;939,0;V;939,0;V;939,0;V;940,0;V;941,0;V;941,0;V;941,0;V;941,0;V;940,0;V;940,0;V;939,0;V;939,0;V;939,0;V;939,0;V;940,0;V;940,0;V;941,0;V;941,0;V;942,0;V;942,0;V
28;115;3;88;28115003_88_89;2026;3;3;1,0;V;1,0;V;1,0;V;1,0;V;1,0;V;1,0;V;1,0;V;20,0;V;96,0;V;183,0;V;294,0;V;263,0;V;473,0;V;320,0;V;219,0;V;158,0;V;77,0;V;30,0;V;1,0;V;1,0;V;1,0;V;1,0;V;1,0;V;1,0;V
28;115;3;89;28115003_89_89;2026;3;3;0,2;V;0,0;V;0,0;V;0,0;V;0,0;V;0,0;V;0,0;V;0,0;V;0,0;V;0,0;V;0,0;V;0,0;V;0,0;V;0,0;V;0,0;V;0,0;V;0,0;V;0,0;V;0,0;V;0,0;V;0,0;V;0,0;V;0,0;V;0,0;V
28;120;1;81;28120001_81_89;2026;3;3;3,2;V;3,5;V;2,7;V;2,6;V;2,7;V;2,6;V;2,3;V;2,1;V;1,9;V;2,3;V;2,6;V;2,8;V;2,4;V;2,8;V;2,6;V;2,6;V;2,1;V;2,0;V;1,9;V;1,9;V;2,0;V;1,5;V;1,6;V;2,3;V
28;120;1;82;28120001_82_89;2026;3;3;147,0;V;117,0;V;114,0;V;107,0;V;113,0;V;109,0;V;119,0;V;117,0;V;106,0;V;107,0;V;111,0;V;111,0;V;114,0;V;120,0;V;119,0;V;113,0;V;103,0;V;111,0;V;106,0;V;104,0;V;105,0;V;80,0;V;82,0;V;80,0;V
28;120;1;83;28120001_83_89;2026;3;3;1,6;V;1,5;V;1,4;V;1,4;V;1,4;V;1,3;V;1,1;V;1,1;V;1,2;V;1,4;V;2,2;V;2,9;V;3,8;V;4,9;V;5,1;V;5,3;V;5,2;V;4,2;V;3,4;V;3,1;V;2,9;V;2,5;V;2,2;V;2,3;V
28;120;1;86;28120001_86_89;2026;3;3;97,0;V;98,0;V;99,0;V;99,0;V;99,0;V;99,0;V;99,0;V;99,0;V;99,0;V;99,0;V;99,0;V;96,0;V;95,0;V;86,0;V;84,0;V;85,0;V;86,0;V;92,0;V;96,0;V;98,0;V;98,0;V;99,0;V;97,0;V;95,0;V
28;120;1;87;28120001_87_89;2026;3;3;809,0;V;809,0;V;809,0;V;809,0;V;809,0;V;809,0;V;809,0;V;810,0;V;810,0;V;811,0;V;811,0;V;811,0;V;811,0;V;810,0;V;810,0;V;810,0;V;810,0;V;810,0;V;811,0;V;811,0;V;811,0;V;812,0;V;812,0;V;812,0;V
28;120;1;88;28120001_88_89;2026;3;3;1,0;V;1,0;V;1,0;V;1,0;V;1,0;V;1,0;V;1,0;V;3,0;V;17,0;V;69,0;V;282,0;V;341,0;V;431,0;V;566,0;V;456,0;V;364,0;V;268,0;V;102,0;V;2,0;V;1,0;V;1,0;V;1,0;V;1,0;V;1,0;V
28;120;1;89;28120001_89_89;2026;3;3;0,0;V;0,0;V;0,0;V;0,0;V;0,0;V;0,0;V;0,0;V;0,0;V;0,0;V;0,0;V;0,0;V;0,0;V;0,0;V;0,0;V;0,0;V;0,0;V;0,0;V;0,0;V;0,0;V;0,0;V;0,0;V;0,0;V;0,0;V;0,0;V
28;123;2;81;28123002_81_89;2026;3;3;1,2;V;1,0;V;1,0;V;0,5;V;0,3;V;0,6;V;1,0;V;1,0;V;1,1;V;1,7;V;1,5;V;0,8;V;1,6;V;1,9;V;1,7;V;1,3;V;1,4;V;1,1;V;0,8;V;0,9;V;0,6;V;1,3;V;1,2;V;0,7;V
28;123;2;82;28123002_82_89;2026;3;3;85,0;V;72,0;V;61,0;V;87,0;V;43,0;V;76,0;V;78,0;V;68,0;V;62,0;V;71,0;V;85,0;V;107,0;V;132,0;V;125,0;V;141,0;V;171,0;V;79,0;V;65,0;V;68,0;V;211,0;V;47,0;V;62,0;V;60,0;V;128,0;V
28;123;2;83;28123002_83_89;2026;3;3;6,2;V;6,3;V;6,3;V;6,5;V;6,2;V;6,2;V;6,3;V;6,5;V;7,4;V;9,3;V;10,7;V;13,0;V;14,4;V;15,3;V;15,0;V;15,2;V;14,5;V;12,8;V;10,9;V;9,2;V;7,9;V;7,5;V;6,6;V;5,7;V
28;123;2;86;28123002_86_89;2026;3;3;70,0;V;68,0;V;67,0;V;66,0;V;67,0;V;67,0;V;66,0;V;65,0;V;61,0;V;56,0;V;50,0;V;45,0;V;38,0;V;34,0;V;35,0;V;36,0;V;39,0;V;45,0;V;52,0;V;58,0;V;63,0;V;63,0;V;67,0;V;71,0;V
28;123;2;87;28123002_87_89;2026;3;3;946,0;V;946,0;V;945,0;V;945,0;V;945,0;V;945,0;V;945,0;V;946,0;V;947,0;V;947,0;V;947,0;V;947,0;V;946,0;V;946,0;V;945,0;V;945,0;V;945,0;V;945,0;V;946,0;V;946,0;V;947,0;V;947,0;V;948,0;V;948,0;V
28;123;2;88;28123002_88_89;2026;3;3;14,0;V;14,0;V;14,0;V;14,0;V;14,0;V;14,0;V;14,0;V;31,0;V;106,0;V;322,0;V;341,0;V;473,0;V;565,0;V;548,0;V;443,0;V;349,0;V;185,0;V;56,0;V;14,0;V;14,0;V;14,0;V;14,0;V;14,0;V;14,0;V
28;123;2;89;28123002_89_89;2026;3;3;0,0;V;0,0;V;0,0;V;0,0;V;0,0;V;0,0;V;0,0;V;0,0;V;0,0;V;0,0;V;0,0;V;0,0;V;0,0;V;0,0;V;0,0;V;0,0;V;0,0;V;0,0;V;0,0;V;0,0;V;0,0;V;0,0;V;0,0;V;0,0;V
28;127;4;81;28127004_81_89;2026;3;3;0,5;V;0,5;V;1,6;V;0,6;V;0,2;V;0,7;V;2,0;V;1,6;V;1,9;V;1,8;V;2,0;V;2,0;V;1,7;V;1,9;V;2,1;V;2,3;V;1,9;V;1,9;V;1,8;V;2,1;V;1,8;V;1,5;V;1,0;V;0,6;V
28;127;4;82;28127004_82_89;2026;3;3;112,0;V;59,0;V;41,0;V;37,0;V;26,0;V;30,0;V;34,0;V;37,0;V;50,0;V;70,0;V;60,0;V;65,0;V;70,0;V;68,0;V;61,0;V;53,0;V;52,0;V;45,0;V;42,0;V;44,0;V;50,0;V;48,0;V;40,0;V;40,0;V
28;127;4;83;28127004_83_89;2026;3;3;9,5;V;9,2;V;9,0;V;9,0;V;9,0;V;8,9;V;9,0;V;9,3;V;10,0;V;11,1;V;12,4;V;12,8;V;14,2;V;14,9;V;15,0;V;14,9;V;14,5;V;13,7;V;12,6;V;11,8;V;11,3;V;10,7;V;10,1;V;9,5;V
28;127;4;86;28127004_86_89;2026;3;3;79,0;V;81,0;V;82,0;V;82,0;V;82,0;V;82,0;V;80,0;V;77,0;V;75,0;V;70,0;V;63,0;V;59,0;V;55,0;V;49,0;V;50,0;V;48,0;V;50,0;V;54,0;V;59,0;V;63,0;V;66,0;V;69,0;V;72,0;V;75,0;V
28;127;4;87;28127004_87_89;2026;3;3;932,0;V;932,0;V;932,0;V;932,0;V;932,0;V;932,0;V;932,0;V;932,0;V;933,0;V;933,0;V;933,0;V;933,0;V;933,0;V;932,0;V;932,0;V;932,0;V;931,0;V;932,0;V;932,0;V;932,0;V;933,0;V;934,0;V;934,0;V;934,0;V
28;127;4;88;28127004_88_89;2026;3;3;1,0;V;1,0;V;1,0;V;1,0;V;1,0;V;1,0;V;1,0;V;27,0;V;112,0;V;286,0;V;458,0;V;342,0;V;470,0;V;439,0;V;403,0;V;242,0;V;151,0;V;49,0;V;1,0;V;1,0;V;1,0;V;1,0;V;1,0;V;1,0;V
28;127;4;89;28127004_89_89;2026;3;3;0,0;V;0,0;V;0,0;V;0,0;V;0,0;V;0,0;V;0,0;V;0,0;V;0,0;V;0,0;V;0,0;V;0,0;V;0,0;V;0,0;V;0,0;V;0,0;V;0,0;V;0,0;V;0,0;V;0,0;V;0,0;V;0,0;V;0,0;V;0,0;V
28;13;2;81;28013002_81_89;2026;3;3;2,0;V;1,6;V;1,2;V;0,5;V;1,0;V;1,0;V;0,4;V;0,2;V;0,7;V;2,0;V;2,1;V;2,4;V;2,3;V;2,7;V;2,5;V;2,7;V;2,3;V;1,3;V;0,5;V;0,8;V;0,3;V;0,1;V;0,4;V;0,5;V
28;13;2;82;28013002_82_89;2026;3;3;99,0;V;107,0;V;85,0;V;60,0;V;80,0;V;88,0;V;123,0;V;85,0;V;79,0;V;113,0;V;103,0;V;75,0;V;73,0;V;115,0;V;136,0;V;146,0;V;147,0;V;135,0;V;109,0;V;131,0;V;112,0;V;88,0;V;95,0;V;118,0;V
28;13;2;83;28013002_83_89;2026;3;3;11,4;V;11,0;V;10,9;V;10,9;V;11,0;V;10,8;V;10,5;V;10,5;V;11,5;V;12,5;V;13,1;V;14,5;V;15,3;V;16,8;V;17,3;V;17,1;V;16,5;V;15,4;V;14,4;V;13,7;V;13,0;V;11,8;V;11,2;V;11,3;V
28;13;2;86;28013002_86_89;2026;3;3;76,0;V;77,0;V;78,0;V;77,0;V;76,0;V;76,0;V;76,0;V;77,0;V;73,0;V;66,0;V;64,0;V;60,0;V;57,0;V;50,0;V;49,0;V;51,0;V;54,0;V;59,0;V;62,0;V;64,0;V;67,0;V;71,0;V;75,0;V;74,0;V
28;13;2;87;28013002_87_89;2026;3;3;955,0;V;955,0;V;955,0;V;955,0;V;955,0;V;955,0;V;955,0;V;956,0;V;956,0;V;957,0;V;957,0;V;957,0;V;956,0;V;955,0;V;955,0;V;955,0;V;955,0;V;955,0;V;956,0;V;956,0;V;956,0;V;957,0;V;957,0;V;958,0;V
28;13;2;88;28013002_88_89;2026;3;3;0,0;V;0,0;V;0,0;V;0,0;V;0,0;V;0,0;V;0,0;V;25,0;V;141,0;V;188,0;V;310,0;V;500,0;V;449,0;V;507,0;V;412,0;V;306,0;V;162,0;V;43,0;V;0,0;V;0,0;V;0,0;V;0,0;V;0,0;V;0,0;V
28;13;2;89;28013002_89_89;2026;3;3;0,0;V;0,0;V;0,0;V;0,0;V;0,0;V;0,0;V;0,0;V;0,0;V;0,0;V;0,0;V;0,0;V;0,0;V;0,0;V;0,0;V;0,0;V;0,0;V;0,0;V;0,0;V;0,0;V;0,0;V;0,0;V;0,0;V;0,0;V;0,0;V
28;133;2;81;28133002_81_89;2026;3;3;0,6;V;1,1;V;0,7;V;0,7;V;1,2;V;1,2;V;0,4;V;0,3;V;0,4;V;1,4;V;1,8;V;1,7;V;2,1;V;1,8;V;2,3;V;1,7;V;1,1;V;1,1;V;0,7;V;0,3;V;0,3;V;0,7;V;0,2;V;0,3;V
28;133;2;82;28133002_82_89;2026;3;3;128,0;V;130,0;V;142,0;V;128,0;V;131,0;V;130,0;V;285,0;V;290,0;V;154,0;V;139,0;V;143,0;V;139,0;V;134,0;V;139,0;V;148,0;V;151,0;V;143,0;V;123,0;V;126,0;V;169,0;V;304,0;V;15,0;V;140,0;V;108,0;V
28;133;2;83;28133002_83_89;2026;3;3;8,4;V;8,5;V;8,6;V;8,6;V;9,0;V;9,1;V;8,8;V;8,9;V;9,5;V;11,2;V;11,7;V;12,4;V;13,5;V;13,8;V;14,2;V;14,3;V;14,3;V;13,6;V;12,4;V;11,4;V;10,7;V;10,3;V;9,6;V;9,1;V
28;133;2;86;28133002_86_89;2026;3;3;100,0;V;100,0;V;94,0;V;94,0;V;84,0;V;81,0;V;85,0;V;86,0;V;81,0;V;69,0;V;65,0;V;62,0;V;57,0;V;55,0;V;52,0;V;52,0;V;54,0;V;57,0;V;62,0;V;65,0;V;68,0;V;71,0;V;74,0;V;76,0;V
28;133;2;87;28133002_87_89;2026;3;3;935,0;V;934,0;V;934,0;V;934,0;V;934,0;V;935,0;V;935,0;V;935,0;V;936,0;V;936,0;V;936,0;V;936,0;V;936,0;V;935,0;V;935,0;V;934,0;V;934,0;V;934,0;V;935,0;V;936,0;V;936,0;V;937,0;V;937,0;V;937,0;V
28;133;2;88;28133002_88_89;2026;3;3;5,0;V;5,0;V;5,0;V;5,0;V;5,0;V;5,0;V;5,0;V;15,0;V;74,0;V;299,0;V;225,0;V;313,0;V;403,0;V;310,0;V;296,0;V;159,0;V;112,0;V;24,0;V;4,0;V;4,0;V;4,0;V;4,0;V;5,0;V;5,0;V
28;133;2;89;28133002_89_89;2026;3;3;0,0;V;0,0;V;0,0;V;0,0;V;0,0;V;0,0;V;0,0;V;0,0;V;0,0;V;0,0;V;0,0;V;0,0;V;0,0;V;0,0;V;0,0;V;0,0;V;0,0;V;0,0;V;0,0;V;0,0;V;0,0;V;0,0;V;0,0;V;0,0;V
28;134;2;81;28134002_81_89;2026;3;3;0,1;V;0,1;V;0,4;V;0,3;V;0,1;V;0,2;V;0,5;V;0,5;V;0,9;V;1,2;V;1,5;V;1,3;V;1,9;V;1,7;V;1,9;V;1,8;V;1,8;V;1,9;V;1,7;V;1,7;V;1,4;V;1,0;V;0,5;V;0,3;V
28;134;2;82;28134002_82_89;2026;3;3;16,0;V;316,0;V;2,0;V;339,0;V;356,0;V;1,0;V;356,0;V;21,0;V;38,0;V;51,0;V;48,0;V;60,0;V;69,0;V;61,0;V;61,0;V;59,0;V;51,0;V;47,0;V;43,0;V;42,0;V;38,0;V;33,0;V;19,0;V;359,0;V
28;134;2;83;28134002_83_89;2026;3;3;7,8;V;7,3;V;7,5;V;7,7;V;7,2;V;7,6;V;8,2;V;8,8;V;10,0;V;11,0;V;12,9;V;13,9;V;14,9;V;15,3;V;15,7;V;15,5;V;14,7;V;13,5;V;12,1;V;11,1;V;10,4;V;9,8;V;9,1;V;8,3;V
28;134;2;86;28134002_86_89;2026;3;3;93,0;V;95,0;V;96,0;V;93,0;V;94,0;V;90,0;V;84,0;V;79,0;V;74,0;V;69,0;V;62,0;V;56,0;V;49,0;V;50,0;V;47,0;V;48,0;V;51,0;V;57,0;V;63,0;V;67,0;V;70,0;V;73,0;V;77,0;V;80,0;V
28;134;2;87;28134002_87_89;2026;3;3;938,0;V;938,0;V;937,0;V;937,0;V;937,0;V;937,0;V;937,0;V;938,0;V;938,0;V;938,0;V;939,0;V;938,0;V;938,0;V;938,0;V;937,0;V;937,0;V;937,0;V;937,0;V;938,0;V;938,0;V;939,0;V;939,0;V;939,0;V;939,0;V
28;134;2;88;28134002_88_89;2026;3;3;1,0;V;1,0;V;1,0;V;1,0;V;1,0;V;1,0;V;1,0;V;25,0;V;99,0;V;174,0;V;418,0;V;340,0;V;515,0;V;446,0;V;447,0;V;328,0;V;182,0;V;56,0;V;1,0;V;1,0;V;1,0;V;1,0;V;1,0;V;1,0;V
28;134;2;89;28134002_89_89;2026;3;3;0,1;V;0,0;V;0,0;V;0,0;V;0,0;V;0,0;V;0,0;V;0,0;V;0,0;V;0,0;V;0,0;V;0,0;V;0,0;V;0,0;V;0,0;V;0,0;V;0,0;V;0,0;V;0,0;V;0,0;V;0,0;V;0,0;V;0,0;V;0,0;V
28;14;2;81;28014002_81_89;2026;3;3;3,4;V;1,4;V;0,6;V;0,4;V;0,2;V;0,8;V;1,5;V;0,5;V;0,7;V;0,7;V;0,7;V;1,0;V;1,2;V;1,5;V;1,6;V;1,5;V;1,7;V;1,7;V;2,0;V;0,6;V;0,5;V;0,4;V;0,5;V;0,6;V
28;14;2;82;28014002_82_89;2026;3;3;89,0;V;337,0;V;291,0;V;251,0;V;61,0;V;34,0;V;69,0;V;33,0;V;338,0;V;83,0;V;91,0;V;114,0;V;108,0;V;132,0;V;130,0;V;106,0;V;138,0;V;134,0;V;134,0;V;203,0;V;128,0;V;159,0;V;167,0;V;169,0;V
28;14;2;83;28014002_83_89;2026;3;3;10,4;V;10,2;V;10,1;V;9,9;V;9,8;V;9,8;V;9,8;V;10,1;V;10,9;V;12,7;V;13,3;V;15,2;V;16,5;V;16,9;V;17,2;V;17,5;V;16,7;V;15,5;V;13,8;V;12,3;V;11,4;V;9,5;V;8,6;V;7,8;V
28;14;2;86;28014002_86_89;2026;3;3;68,0;V;69,0;V;69,0;V;70,0;V;70,0;V;70,0;V;68,0;V;67,0;V;62,0;V;56,0;V;53,0;V;46,0;V;42,0;V;40,0;V;40,0;V;40,0;V;43,0;V;49,0;V;56,0;V;62,0;V;65,0;V;73,0;V;76,0;V;80,0;V
28;14;2;87;28014002_87_89;2026;3;3;948,0;V;948,0;V;947,0;V;948,0;V;948,0;V;948,0;V;948,0;V;948,0;V;949,0;V;949,0;V;949,0;V;949,0;V;949,0;V;948,0;V;948,0;V;947,0;V;947,0;V;947,0;V;948,0;V;948,0;V;949,0;V;950,0;V;950,0;V;950,0;V
28;14;2;88;28014002_88_89;2026;3;3;1,0;V;1,0;V;1,0;V;1,0;V;1,0;V;1,0;V;1,0;V;20,0;V;81,0;V;299,0;V;276,0;V;512,0;V;582,0;V;513,0;V;447,0;V;318,0;V;166,0;V;41,0;V;1,0;V;1,0;V;1,0;V;1,0;V;1,0;V;1,0;V
28;14;2;89;28014002_89_89;2026;3;3;0,0;V;0,0;V;0,0;V;0,0;V;0,0;V;0,0;V;0,0;V;0,0;V;0,0;V;0,0;V;0,0;V;0,0;V;0,0;V;0,0;V;0,0;V;0,0;V;0,0;V;0,0;V;0,0;V;0,0;V;0,0;V;0,0;V;0,0;V;0,0;V
28;148;4;81;28148004_81_89;2026;3;3;0,9;V;1,5;V;1,3;V;1,0;V;0,9;V;0,9;V;1,7;V;1,9;V;2,4;V;2,5;V;1,9;V;1,7;V;2,9;V;2,7;V;2,7;V;3,4;V;3,4;V;2,6;V;2,6;V;2,0;V;2,1;V;2,2;V;2,1;V;1,1;V
28;148;4;82;28148004_82_89;2026;3;3;127,0;V;74,0;V;56,0;V;53,0;V;52,0;V;51,0;V;47,0;V;44,0;V;61,0;V;63,0;V;77,0;V;92,0;V;66,0;V;63,0;V;72,0;V;50,0;V;47,0;V;50,0;V;54,0;V;56,0;V;48,0;V;42,0;V;43,0;V;57,0;V
28;148;4;83;28148004_83_89;2026;3;3;11,8;V;12,1;V;12,0;V;11,9;V;12,1;V;11,6;V;11,4;V;11,5;V;12,4;V;13,3;V;14,9;V;16,0;V;17,0;V;17,6;V;18,1;V;17,5;V;17,6;V;16,4;V;15,1;V;14,2;V;13,2;V;12,2;V;11,5;V;11,1;V
28;148;4;86;28148004_86_89;2026;3;3;67,0;V;65,0;V;66,0;V;65,0;V;63,0;V;64,0;V;65,0;V;66,0;V;62,0;V;59,0;V;52,0;V;48,0;V;43,0;V;42,0;V;40,0;V;44,0;V;45,0;V;50,0;V;56,0;V;58,0;V;61,0;V;66,0;V;69,0;V;70,0;V
28;148;4;87;28148004_87_89;2026;3;3;950,0;V;950,0;V;949,0;V;949,0;V;949,0;V;949,0;V;949,0;V;950,0;V;951,0;V;951,0;V;952,0;V;952,0;V;952,0;V;951,0;V;951,0;V;950,0;V;950,0;V;950,0;V;950,0;V;950,0;V;951,0;V;951,0;V;951,0;V;952,0;V
28;148;4;88;28148004_88_89;2026;3;3;15,0;V;15,0;V;15,0;V;15,0;V;15,0;V;15,0;V;15,0;V;49,0;V;118,0;V;259,0;V;388,0;V;405,0;V;614,0;V;516,0;V;418,0;V;271,0;V;201,0;V;66,0;V;15,0;V;15,0;V;15,0;V;15,0;V;15,0;V;15,0;V
28;148;4;89;28148004_89_89;2026;3;3;0,0;V;0,0;V;0,0;V;0,0;V;0,0;V;0,0;V;0,0;V;0,0;V;0,0;V;0,0;V;0,0;V;0,0;V;0,0;V;0,0;V;0,0;V;0,0;V;0,0;V;0,0;V;0,0;V;0,0;V;0,0;V;0,0;V;0,0;V;0,0;V
28;16;1;81;28016001_81_89;2026;3;3;2,8;V;3,0;V;3,6;V;3,6;V;3,5;V;4,1;V;4,4;V;4,7;V;4,9;V;5,0;V;5,0;V;5,0;V;4,7;V;4,2;V;4,2;V;3,8;V;3,6;V;3,7;V;4,5;V;4,7;V;4,2;V;4,6;V;4,1;V;4,0;V
28;16;1;82;28016001_82_89;2026;3;3;100,0;V;96,0;V;72,0;V;69,0;V;115,0;V;57,0;V;58,0;V;18,0;V;38,0;V;80,0;V;78,0;V;68,0;V;29,0;V;50,0;V;51,0;V;68,0;V;54,0;V;69,0;V;43,0;V;29,0;V;52,0;V;65,0;V;32,0;V;81,0;V
28;16;1;83;28016001_83_89;2026;3;3;6,9;V;6,7;V;7,0;V;7,7;V;8,1;V;8,0;V;7,9;V;8,0;V;8,0;V;8,0;V;9,1;V;10,0;V;9,7;V;10,4;V;11,0;V;11,0;V;10,6;V;10,1;V;9,6;V;9,1;V;8,8;V;8,5;V;8,3;V;8,2;V
28;16;1;86;28016001_86_89;2026;3;3;83,0;V;85,0;V;82,0;V;76,0;V;72,0;V;72,0;V;72,0;V;72,0;V;74,0;V;75,0;V;72,0;V;67,0;V;69,0;V;67,0;V;65,0;V;64,0;V;65,0;V;67,0;V;69,0;V;71,0;V;72,0;V;74,0;V;75,0;V;73,0;V
28;16;1;87;28016001_87_89;2026;3;3;899,0;V;899,0;V;898,0;V;898,0;V;898,0;V;898,0;V;899,0;V;899,0;V;900,0;V;900,0;V;900,0;V;900,0;V;900,0;V;900,0;V;899,0;V;899,0;V;899,0;V;899,0;V;899,0;V;900,0;V;900,0;V;901,0;V;901,0;V;901,0;V
28;16;1;88;28016001_88_89;2026;3;3;0,0;V;0,0;V;0,0;V;0,0;V;0,0;V;0,0;V;0,0;V;12,0;V;53,0;V;111,0;V;283,0;V;298,0;V;159,0;V;335,0;V;331,0;V;252,0;V;103,0;V;23,0;V;0,0;V;0,0;V;0,0;V;0,0;V;0,0;V;0,0;V
28;16;1;89;28016001_89_89;2026;3;3;0,0;V;0,1;V;0,0;V;0,0;V;0,0;V;0,0;V;0,0;V;0,0;V;0,0;V;0,0;V;0,0;V;0,0;V;0,0;V;0,0;V;0,0;V;0,0;V;0,0;V;0,0;V;0,0;V;0,0;V;0,0;V;0,0;V;0,0;V;0,0;V
28;161;1;81;28161001_81_89;2026;3;3;3,0;V;3,1;V;1,4;V;1,7;V;2,4;V;2,3;V;0,7;V;0,5;V;0,8;V;0,9;V;1,1;V;1,1;V;1,9;V;1,9;V;2,4;V;2,4;V;2,3;V;1,9;V;0,8;V;0,4;V;0,3;V;0,4;V;0,3;V;0,1;V
28;161;1;82;28161001_82_89;2026;3;3;107,0;V;92,0;V;97,0;V;102,0;V;99,0;V;92,0;V;88,0;V;121,0;V;124,0;V;107,0;V;132,0;V;110,0;V;103,0;V;113,0;V;118,0;V;114,0;V;127,0;V;139,0;V;169,0;V;160,0;V;260,0;V;117,0;V;83,0;V;67,0;V
28;161;1;83;28161001_83_89;2026;3;3;10,3;V;10,1;V;9,8;V;10,2;V;10,3;V;10,3;V;10,0;V;10,3;V;11,0;V;12,5;V;13,4;V;14,9;V;15,5;V;16,5;V;16,7;V;16,9;V;16,8;V;15,6;V;13,8;V;13,0;V;12,1;V;11,5;V;11,2;V;10,3;V
28;161;1;86;28161001_86_89;2026;3;3;84,0;V;86,0;V;86,0;V;84,0;V;82,0;V;82,0;V;82,0;V;80,0;V;78,0;V;70,0;V;66,0;V;61,0;V;58,0;V;55,0;V;54,0;V;52,0;V;54,0;V;58,0;V;67,0;V;70,0;V;76,0;V;78,0;V;80,0;V;83,0;V
28;161;1;87;28161001_87_89;2026;3;3;944,0;V;944,0;V;944,0;V;944,0;V;944,0;V;944,0;V;944,0;V;944,0;V;945,0;V;945,0;V;945,0;V;945,0;V;945,0;V;944,0;V;944,0;V;943,0;V;943,0;V;944,0;V;944,0;V;945,0;V;945,0;V;946,0;V;946,0;V;946,0;V
28;161;1;88;28161001_88_89;2026;3;3;1,0;V;1,0;V;1,0;V;1,0;V;1,0;V;1,0;V;1,0;V;22,0;V;135,0;V;278,0;V;360,0;V;515,0;V;534,0;V;479,0;V;355,0;V;251,0;V;145,0;V;44,0;V;2,0;V;1,0;V;1,0;V;1,0;V;1,0;V;1,0;V
28;161;1;89;28161001_89_89;2026;3;3;0,0;V;0,0;V;0,0;V;0,0;V;0,0;V;0,0;V;0,0;V;0,0;V;0,0;V;0,0;V;0,0;V;0,0;V;0,0;V;0,0;V;0,0;V;0,0;V;0,0;V;0,0;V;0,0;V;0,0;V;0,0;V;0,0;V;0,0;V;0,0;V
28;171;1;81;28171001_81_89;2026;3;3;1,4;V;1,4;V;1,4;V;2,0;V;1,8;V;1,4;V;0,7;V;0,3;V;0,7;V;1,4;V;1,6;V;2,4;V;2,6;V;2,8;V;2,8;V;2,7;V;2,2;V;1,4;V;0,4;V;0,7;V;0,7;V;0,7;V;0,2;V;0,3;V
28;171;1;82;28171001_82_89;2026;3;3;48,0;V;46,0;V;44,0;V;55,0;V;58,0;V;43,0;V;47,0;V;49,0;V;78,0;V;91,0;V;101,0;V;88,0;V;97,0;V;106,0;V;113,0;V;109,0;V;111,0;V;137,0;V;61,0;V;46,0;V;39,0;V;41,0;V;53,0;V;302,0;V
28;171;1;83;28171001_83_89;2026;3;3;10,2;V;9,3;V;9,2;V;10,0;V;10,7;V;10,7;V;10,3;V;9,3;V;10,4;V;12,2;V;13,8;V;14,8;V;15,5;V;15,4;V;15,5;V;15,7;V;15,6;V;14,7;V;12,5;V;10,8;V;9,2;V;8,2;V;7,7;V;6,4;V
28;171;1;86;28171001_86_89;2026;3;3;75,0;V;75,0;V;77,0;V;74,0;V;71,0;V;71,0;V;72,0;V;75,0;V;73,0;V;66,0;V;58,0;V;54,0;V;50,0;V;50,0;V;49,0;V;48,0;V;49,0;V;54,0;V;61,0;V;67,0;V;73,0;V;77,0;V;80,0;V;83,0;V
28;171;1;87;28171001_87_89;2026;3;3;962,0;V;961,0;V;961,0;V;961,0;V;961,0;V;961,0;V;962,0;V;961,0;V;959,0;V;960,0;V;960,0;V;959,0;V;960,0;V;961,0;V;961,0;V;961,0;V;960,0;V;961,0;V;962,0;V;961,0;V;960,0;V;960,0;V;961,0;V;961,0;V
28;171;1;88;28171001_88_89;2026;3;3;2,0;V;2,0;V;2,0;V;2,0;V;2,0;V;2,0;V;2,0;V;3,0;V;55,0;V;285,0;V;439,0;V;480,0;V;448,0;V;297,0;V;268,0;V;260,0;V;150,0;V;47,0;V;2,0;V;2,0;V;2,0;V;2,0;V;2,0;V;2,0;V
28;171;1;89;28171001_89_89;2026;3;3;0,0;V;0,0;V;0,0;V;0,0;V;0,0;V;0,0;V;0,0;V;0,0;V;0,0;V;0,0;V;0,0;V;0,0;V;0,0;V;0,0;V;0,0;V;0,0;V;0,0;V;0,0;V;0,0;V;0,0;V;0,0;V;0,0;V;0,0;V;0,0;V
28;180;1;81;28180001_81_89;2026;3;3;1,6;V;2,0;V;1,1;V;2,4;V;1,9;V;1,3;V;1,3;V;0,4;V;0,3;V;0,6;V;0,3;V;0,8;V;1,5;V;1,6;V;1,9;V;1,7;V;1,6;V;1,8;V;1,0;V;0,1;V;0,4;V;0,4;V;1,3;V;0,4;V
28;180;1;82;28180001_82_89;2026;3;3;88,0;V;82,0;V;110,0;V;132,0;V;118,0;V;77,0;V;73,0;V;104,0;V;191,0;V;195,0;V;199,0;V;127,0;V;121,0;V;137,0;V;145,0;V;135,0;V;139,0;V;150,0;V;146,0;V;124,0;V;142,0;V;130,0;V;152,0;V;123,0;V
28;180;1;83;28180001_83_89;2026;3;3;8,4;V;8,8;V;8,8;V;8,8;V;8,7;V;8,5;V;8,9;V;9,3;V;9,9;V;10,5;V;11,8;V;14,4;V;14,8;V;15,1;V;15,6;V;15,5;V;14,7;V;13,1;V;11,8;V;11,0;V;10,3;V;10,0;V;9,2;V;8,8;V
28;180;1;86;28180001_86_89;2026;3;3;77,0;V;74,0;V;73,0;V;73,0;V;73,0;V;73,0;V;68,0;V;66,0;V;64,0;V;64,0;V;60,0;V;49,0;V;47,0;V;47,0;V;45,0;V;47,0;V;50,0;V;58,0;V;64,0;V;66,0;V;69,0;V;70,0;V;75,0;V;76,0;V
28;180;1;87;28180001_87_89;2026;3;3;930,0;V;930,0;V;929,0;V;929,0;V;929,0;V;929,0;V;929,0;V;930,0;V;930,0;V;931,0;V;931,0;V;931,0;V;930,0;V;930,0;V;929,0;V;929,0;V;929,0;V;929,0;V;930,0;V;930,0;V;931,0;V;931,0;V;932,0;V;932,0;V
28;180;1;88;28180001_88_89;2026;3;3;1,0;V;1,0;V;1,0;V;1,0;V;1,0;V;1,0;V;1,0;V;16,0;V;109,0;V;190,0;V;296,0;V;588,0;V;603,0;V;527,0;V;469,0;V;336,0;V;173,0;V;43,0;V;1,0;V;1,0;V;1,0;V;1,0;V;1,0;V;1,0;V
28;180;1;89;28180001_89_89;2026;3;3;0,0;V;0,0;V;0,0;V;0,0;V;0,0;V;0,0;V;0,0;V;0,0;V;0,0;V;0,0;V;0,0;V;0,0;V;0,0;V;0,0;V;0,0;V;0,0;V;0,0;V;0,0;V;0,0;V;0,0;V;0,0;V;0,0;V;0,0;V;0,0;V
28;45;2;81;28045002_81_89;2026;3;3;0,8;V;1,6;V;1,2;V;0,8;V;1,4;V;2,2;V;3,3;V;3,2;V;4,0;V;4,3;V;4,1;V;4,4;V;4,6;V;4,3;V;4,2;V;4,1;V;4,0;V;3,7;V;3,9;V;4,7;V;4,8;V;3,9;V;3,0;V;2,3;V
28;45;2;82;28045002_82_89;2026;3;3;58,0;V;60,0;V;87,0;V;141,0;V;52,0;V;50,0;V;52,0;V;56,0;V;55,0;V;55,0;V;51,0;V;51,0;V;53,0;V;53,0;V;52,0;V;56,0;V;51,0;V;49,0;V;47,0;V;47,0;V;47,0;V;47,0;V;50,0;V;51,0;V
28;45;2;83;28045002_83_89;2026;3;3;8,3;V;8,0;V;8,0;V;7,6;V;8,4;V;8,4;V;8,1;V;8,3;V;8,7;V;9,1;V;9,7;V;10,7;V;11,4;V;11,9;V;12,5;V;12,8;V;12,6;V;11,9;V;10,8;V;10,2;V;9,8;V;9,5;V;9,0;V;8,5;V
28;45;2;86;28045002_86_89;2026;3;3;77,0;V;78,0;V;78,0;V;82,0;V;75,0;V;72,0;V;74,0;V;74,0;V;72,0;V;72,0;V;70,0;V;66,0;V;63,0;V;61,0;V;58,0;V;56,0;V;58,0;V;61,0;V;65,0;V;67,0;V;69,0;V;70,0;V;71,0;V;74,0;V
28;45;2;87;28045002_87_89;2026;3;3;915,0;V;915,0;V;915,0;V;915,0;V;915,0;V;915,0;V;915,0;V;915,0;V;915,0;V;915,0;V;915,0;V;915,0;V;915,0;V;915,0;V;915,0;V;915,0;V;915,0;V;915,0;V;915,0;V;915,0;V;915,0;V;916,0;V;916,0;V;916,0;V
28;45;2;88;28045002_88_89;2026;3;3;1,0;V;1,0;V;1,0;V;1,0;V;1,0;V;1,0;V;1,0;V;22,0;V;121,0;V;218,0;V;339,0;V;327,0;V;434,0;V;508,0;V;448,0;V;392,0;V;241,0;V;84,0;V;2,0;V;1,0;V;1,0;V;1,0;V;1,0;V;1,0;V
28;45;2;89;28045002_89_89;2026;3;3;0,0;V;0,0;V;0,0;V;0,0;V;0,0;V;0,0;V;0,0;V;0,0;V;0,0;V;0,0;V;0,0;V;0,0;V;0,0;V;0,0;V;0,0;V;0,0;V;0,0;V;0,0;V;0,0;V;0,0;V;0,0;V;0,0;V;0,0;V;0,0;V
28;47;2;81;28047002_81_89;2026;3;3;0,7;V;1,1;V;1,0;V;1,0;V;1,7;V;1,4;V;1,7;V;2,3;V;2,5;V;3,0;V;3,2;V;2,7;V;2,7;V;3,1;V;2,8;V;2,9;V;2,7;V;2,7;V;2,9;V;3,3;V;2,7;V;2,3;V;1,6;V;1,1;V
28;47;2;82;28047002_82_89;2026;3;3;118,0;V;109,0;V;45,0;V;73,0;V;69,0;V;73,0;V;70,0;V;65,0;V;65,0;V;60,0;V;60,0;V;64,0;V;59,0;V;52,0;V;52,0;V;55,0;V;53,0;V;48,0;V;49,0;V;51,0;V;55,0;V;52,0;V;64,0;V;71,0;V
28;47;2;83;28047002_83_89;2026;3;3;8,4;V;8,3;V;8,3;V;8,5;V;8,9;V;9,0;V;8,9;V;8,8;V;9,2;V;9,8;V;10,9;V;12,2;V;12,3;V;12,8;V;13,3;V;13,0;V;13,0;V;12,5;V;11,7;V;11,1;V;10,6;V;10,1;V;9,9;V;9,5;V
28;47;2;86;28047002_86_89;2026;3;3;79,0;V;78,0;V;77,0;V;74,0;V;70,0;V;69,0;V;69,0;V;70,0;V;69,0;V;67,0;V;63,0;V;59,0;V;58,0;V;57,0;V;55,0;V;55,0;V;54,0;V;57,0;V;60,0;V;62,0;V;64,0;V;65,0;V;66,0;V;67,0;V
28;47;2;87;28047002_87_89;2026;3;3;917,0;V;916,0;V;916,0;V;916,0;V;916,0;V;916,0;V;916,0;V;917,0;V;917,0;V;917,0;V;917,0;V;917,0;V;917,0;V;917,0;V;916,0;V;916,0;V;916,0;V;916,0;V;916,0;V;917,0;V;917,0;V;918,0;V;918,0;V;918,0;V
28;47;2;88;28047002_88_89;2026;3;3;0,0;V;0,0;V;0,0;V;0,0;V;0,0;V;0,0;V;0,0;V;22,0;V;106,0;V;204,0;V;450,0;V;521,0;V;293,0;V;412,0;V;345,0;V;242,0;V;163,0;V;59,0;V;1,0;V;0,0;V;0,0;V;0,0;V;0,0;V;0,0;V
28;47;2;89;28047002_89_89;2026;3;3;0,0;V;0,0;V;0,0;V;0,0;V;0,0;V;0,0;V;0,0;V;0,0;V;0,0;V;0,0;V;0,0;V;0,0;V;0,0;V;0,0;V;0,0;V;0,0;V;0,0;V;0,0;V;0,0;V;0,0;V;0,0;V;0,0;V;0,0;V;0,0;V
28;49;3;81;28049003_81_89;2026;3;3;0,7;V;0,6;V;0,8;V;0,5;V;0,5;V;0,5;V;0,6;V;1,0;V;1,5;V;1,6;V;1,2;V;0,9;V;1,5;V;1,4;V;1,4;V;2,3;V;1,9;V;1,7;V;0,8;V;1,3;V;1,4;V;0,8;V;0,9;V;0,6;V
28;49;3;82;28049003_82_89;2026;3;3;88,0;V;31,0;V;48,0;V;303,0;V;326,0;V;312,0;V;335,0;V;53,0;V;52,0;V;65,0;V;72,0;V;80,0;V;84,0;V;71,0;V;74,0;V;57,0;V;56,0;V;52,0;V;345,0;V;56,0;V;57,0;V;25,0;V;47,0;V;32,0;V
28;49;3;83;28049003_83_89;2026;3;3;10,6;V;10,4;V;10,7;V;10,2;V;9,9;V;9,8;V;9,9;V;10,6;V;11,4;V;12,6;V;14,0;V;15,2;V;16,8;V;17,4;V;17,9;V;16,7;V;16,6;V;15,5;V;14,1;V;13,2;V;12,1;V;11,2;V;10,7;V;10,0;V
28;49;3;86;28049003_86_89;2026;3;3;69,0;V;71,0;V;68,0;V;73,0;V;74,0;V;76,0;V;73,0;V;65,0;V;63,0;V;58,0;V;52,0;V;48,0;V;40,0;V;40,0;V;38,0;V;43,0;V;45,0;V;50,0;V;56,0;V;59,0;V;62,0;V;66,0;V;69,0;V;71,0;V
28;49;3;87;28049003_87_89;2026;3;3;943,0;V;943,0;V;942,0;V;942,0;V;942,0;V;942,0;V;942,0;V;943,0;V;944,0;V;945,0;V;945,0;V;944,0;V;943,0;V;942,0;V;942,0;V;941,0;V;941,0;V;942,0;V;942,0;V;943,0;V;945,0;V;945,0;V;945,0;V;946,0;V
28;49;3;88;28049003_88_89;2026;3;3;0,0;V;0,0;V;0,0;V;0,0;V;0,0;V;0,0;V;0,0;V;22,0;V;97,0;V;235,0;V;306,0;V;375,0;V;506,0;V;468,0;V;403,0;V;214,0;V;159,0;V;44,0;V;0,0;V;0,0;V;0,0;V;0,0;V;0,0;V;0,0;V
28;49;3;89;28049003_89_89;2026;3;3;0,0;V;0,0;V;0,0;V;0,0;V;0,0;V;0,0;V;0,0;V;0,0;V;0,0;V;0,0;V;0,0;V;0,0;V;0,0;V;0,0;V;0,0;V;0,0;V;0,0;V;0,0;V;0,0;V;0,0;V;0,0;V;0,0;V;0,0;V;0,0;V
28;5;2;81;28005002_81_89;2026;3;3;1,2;V;1,3;V;1,3;V;0,7;V;0,3;V;0,3;V;0,7;V;0,5;V;1,1;V;1,4;V;1,6;V;2,1;V;1,9;V;1,7;V;2,0;V;2,4;V;2,0;V;1,7;V;1,4;V;1,4;V;1,4;V;1,3;V;1,2;V;1,0;V
28;5;2;82;28005002_82_89;2026;3;3;95,0;V;82,0;V;58,0;V;31,0;V;108,0;V;153,0;V;29,0;V;56,0;V;64,0;V;68,0;V;91,0;V;97,0;V;72,0;V;72,0;V;47,0;V;55,0;V;42,0;V;40,0;V;106,0;V;43,0;V;66,0;V;62,0;V;83,0;V;95,0;V
28;5;2;83;28005002_83_89;2026;3;3;11,3;V;11,2;V;11,0;V;11,0;V;11,0;V;10,5;V;10,4;V;10,4;V;11,3;V;12,4;V;13,9;V;14,7;V;15,5;V;16,3;V;16,5;V;16,2;V;16,6;V;16,1;V;15,3;V;13,6;V;12,3;V;11,5;V;10,7;V;10,2;V
28;5;2;86;28005002_86_89;2026;3;3;66,0;V;69,0;V;69,0;V;68,0;V;67,0;V;70,0;V;71,0;V;69,0;V;68,0;V;63,0;V;56,0;V;50,0;V;51,0;V;48,0;V;48,0;V;50,0;V;50,0;V;52,0;V;55,0;V;60,0;V;65,0;V;69,0;V;72,0;V;74,0;V
28;5;2;87;28005002_87_89;2026;3;3;954,0;V;954,0;V;953,0;V;953,0;V;953,0;V;953,0;V;953,0;V;954,0;V;954,0;V;955,0;V;955,0;V;954,0;V;954,0;V;954,0;V;953,0;V;953,0;V;953,0;V;953,0;V;953,0;V;954,0;V;955,0;V;955,0;V;955,0;V;956,0;V
28;5;2;88;28005002_88_89;2026;3;3;0,0;V;0,0;V;0,0;V;0,0;V;0,0;V;0,0;V;1,0;V;34,0;V;76,0;V;230,0;V;352,0;V;356,0;V;438,0;V;416,0;V;292,0;V;263,0;V;171,0;V;47,0;V;0,0;V;0,0;V;0,0;V;0,0;V;0,0;V;0,0;V
28;5;2;89;28005002_89_89;2026;3;3;0,0;V;0,0;V;0,0;V;0,0;V;0,0;V;0,0;V;0,0;V;0,0;V;0,0;V;0,0;V;0,0;V;0,0;V;0,0;V;0,0;V;0,0;V;0,0;V;0,0;V;0,0;V;0,0;V;0,0;V;0,0;V;0,0;V;0,0;V;0,0;V
28;58;4;81;28058004_81_89;2026;3;3;3,1;V;3,2;V;1,9;V;2,5;V;2,4;V;1,9;V;1,7;V;1,4;V;2,2;V;2,9;V;2,8;V;3,0;V;2,7;V;3,0;V;2,9;V;2,7;V;2,3;V;1,7;V;1,3;V;0,7;V;1,1;V;1,4;V;1,2;V;1,0;V
28;58;4;82;28058004_82_89;2026;3;3;89,0;V;96,0;V;81,0;V;88,0;V;83,0;V;69,0;V;163,0;V;119,0;V;75,0;V;87,0;V;88,0;V;82,0;V;88,0;V;94,0;V;112,0;V;103,0;V;103,0;V;131,0;V;166,0;V;5,0;V;214,0;V;198,0;V;67,0;V;65,0;V
28;58;4;83;28058004_83_89;2026;3;3;10,2;V;10,1;V;10,2;V;10,4;V;10,2;V;10,1;V;10,4;V;12,7;V;11,7;V;13,1;V;13,8;V;14,3;V;15,8;V;16,3;V;16,4;V;16,5;V;16,3;V;15,4;V;13,6;V;12,9;V;12,7;V;12,0;V;11,1;V;10,4;V
28;58;4;86;28058004_86_89;2026;3;3;75,0;V;75,0;V;72,0;V;71,0;V;72,0;V;72,0;V;70,0;V;69,0;V;63,0;V;57,0;V;45,0;V;50,0;V;46,0;V;44,0;V;44,0;V;43,0;V;44,0;V;48,0;V;57,0;V;60,0;V;61,0;V;64,0;V;68,0;V;71,0;V
28;58;4;87;28058004_87_89;2026;3;3;938,0;V;938,0;V;937,0;V;937,0;V;937,0;V;937,0;V;937,0;V;938,0;V;939,0;V;939,0;V;939,0;V;939,0;V;939,0;V;938,0;V;938,0;V;937,0;V;937,0;V;937,0;V;938,0;V;938,0;V;939,0;V;940,0;V;940,0;V;940,0;V
28;58;4;88;28058004_88_89;2026;3;3;5,0;V;5,0;V;5,0;V;4,0;V;5,0;V;5,0;V;4,0;V;23,0;V;117,0;V;329,0;V;368,0;V;440,0;V;540,0;V;508,0;V;399,0;V;306,0;V;169,0;V;44,0;V;3,0;V;4,0;V;4,0;V;4,0;V;4,0;V;4,0;V
28;58;4;89;28058004_89_89;2026;3;3;0,0;V;0,0;V;0,0;V;0,0;V;0,0;V;0,0;V;0,0;V;0,0;V;0,0;V;0,0;V;0,0;V;0,0;V;0,0;V;0,0;V;0,0;V;0,0;V;0,0;V;0,0;V;0,0;V;0,0;V;0,0;V;0,0;V;0,0;V;0,0;V
28;6;4;81;28006004_81_89;2026;3;3;0,8;V;0,5;V;0,8;V;0,2;V;0,6;V;0,8;V;1,5;V;1,4;V;1,7;V;2,2;V;1,6;V;2,0;V;2,8;V;2,1;V;2,4;V;2,1;V;0,7;V;1,5;V;1,2;V;1,9;V;0,9;V;0,8;V;0,8;V;0,1;V
28;6;4;82;28006004_82_89;2026;3;3;124,0;V;57,0;V;58,0;V;62,0;V;51,0;V;52,0;V;54,0;V;64,0;V;72,0;V;84,0;V;83,0;V;86,0;V;91,0;V;81,0;V;86,0;V;79,0;V;79,0;V;66,0;V;63,0;V;61,0;V;70,0;V;69,0;V;58,0;V;60,0;V
28;6;4;83;28006004_83_89;2026;3;3;10,1;V;9,9;V;9,7;V;9,7;V;9,7;V;9,7;V;9,6;V;9,8;V;10,3;V;11,2;V;12,4;V;13,5;V;14,4;V;14,9;V;15,3;V;15,4;V;15,1;V;14,1;V;12,9;V;11,9;V;11,3;V;10,8;V;10,3;V;10,1;V
28;6;4;86;28006004_86_89;2026;3;3;72,0;V;75,0;V;76,0;V;75,0;V;73,0;V;72,0;V;72,0;V;71,0;V;69,0;V;65,0;V;61,0;V;55,0;V;49,0;V;50,0;V;48,0;V;47,0;V;50,0;V;55,0;V;61,0;V;64,0;V;66,0;V;69,0;V;71,0;V;72,0;V
28;6;4;87;28006004_87_89;2026;3;3;948,0;V;947,0;V;945,0;V;945,0;V;945,0;V;945,0;V;946,0;V;946,0;V;947,0;V;947,0;V;947,0;V;947,0;V;947,0;V;946,0;V;946,0;V;945,0;V;945,0;V;945,0;V;946,0;V;947,0;V;947,0;V;948,0;V;948,0;V;948,0;V
28;6;4;88;28006004_88_89;2026;3;3;5,0;V;6,0;V;6,0;V;6,0;V;6,0;V;6,0;V;7,0;V;36,0;V;98,0;V;190,0;V;384,0;V;325,0;V;527,0;V;419,0;V;420,0;V;341,0;V;187,0;V;58,0;V;2,0;V;2,0;V;3,0;V;5,0;V;6,0;V;6,0;V
28;6;4;89;28006004_89_89;2026;3;3;0,0;V;0,0;V;0,0;V;0,0;V;0,0;V;0,0;V;0,0;V;0,0;V;0,0;V;0,0;V;0,0;V;0,0;V;0,0;V;0,0;V;0,2;V;0,0;V;0,0;V;0,0;V;0,0;V;0,0;V;0,0;V;0,0;V;0,0;V;0,0;V
28;65;14;81;28065014_81_89;2026;3;3;0,9;V;0,9;V;0,7;V;0,4;V;0,2;V;0,3;V;0,4;V;0,5;V;1,3;V;1,3;V;1,3;V;1,1;V;1,0;V;1,3;V;1,3;V;1,1;V;0,9;V;0,4;V;0,4;V;0,2;V;0,2;V;0,3;V;0,3;V;0,2;V
28;65;14;82;28065014_82_89;2026;3;3;101,0;V;97,0;V;89,0;V;106,0;V;132,0;V;97,0;V;103,0;V;103,0;V;76,0;V;92,0;V;102,0;V;103,0;V;114,0;V;109,0;V;118,0;V;106,0;V;120,0;V;129,0;V;113,0;V;252,0;V;188,0;V;143,0;V;117,0;V;134,0;V
28;65;14;83;28065014_83_89;2026;3;3;9,8;V;10,0;V;10,1;V;10,2;V;10,1;V;10,1;V;10,2;V;10,5;V;11,0;V;12,1;V;13,0;V;13,8;V;15,3;V;16,6;V;16,9;V;16,8;V;16,4;V;15,6;V;14,1;V;13,2;V;12,4;V;11,8;V;11,0;V;10,2;V
28;65;14;86;28065014_86_89;2026;3;3;81,0;V;78,0;V;75,0;V;73,0;V;75,0;V;75,0;V;73,0;V;70,0;V;65,0;V;60,0;V;54,0;V;52,0;V;46,0;V;41,0;V;41,0;V;41,0;V;43,0;V;47,0;V;53,0;V;59,0;V;62,0;V;64,0;V;67,0;V;71,0;V
28;65;14;87;28065014_87_89;2026;3;3;948,0;V;947,0;V;947,0;V;947,0;V;947,0;V;947,0;V;947,0;V;948,0;V;948,0;V;949,0;V;949,0;V;948,0;V;948,0;V;947,0;V;947,0;V;947,0;V;946,0;V;947,0;V;948,0;V;948,0;V;948,0;V;949,0;V;949,0;V;950,0;V
28;65;14;88;28065014_88_89;2026;3;3;0,0;V;0,0;V;0,0;V;0,0;V;0,0;V;0,0;V;0,0;V;7,0;V;110,0;V;290,0;V;345,0;V;437,0;V;596,0;V;600,0;V;451,0;V;348,0;V;181,0;V;31,0;V;0,0;V;0,0;V;0,0;V;0,0;V;0,0;V;0,0;V
28;65;14;89;28065014_89_89;2026;3;3;0,0;V;0,0;V;0,0;V;0,0;V;0,0;V;0,0;V;0,0;V;0,0;V;0,0;V;0,0;V;0,0;V;0,0;V;0,0;V;0,0;V;0,0;V;0,0;V;0,0;V;0,0;V;0,0;V;0,0;V;0,0;V;0,0;V;0,0;V;0,0;V
28;67;1;81;28067001_81_89;2026;3;3;0,2;V;0,3;V;0,2;V;0,2;V;0,2;V;0,1;V;0,3;V;0,8;V;1,1;V;1,1;V;1,7;V;2,3;V;2,5;V;2,8;V;2,4;V;2,4;V;2,2;V;1,6;V;0,9;V;0,7;V;0,4;V;0,3;V;0,2;V;0,2;V
28;67;1;82;28067001_82_89;2026;3;3;193,0;V;152,0;V;186,0;V;191,0;V;299,0;V;120,0;V;45,0;V;110,0;V;110,0;V;98,0;V;79,0;V;85,0;V;96,0;V;104,0;V;89,0;V;91,0;V;83,0;V;78,0;V;76,0;V;65,0;V;24,0;V;99,0;V;155,0;V;326,0;V
28;67;1;83;28067001_83_89;2026;3;3;7,7;V;7,6;V;7,5;V;7,3;V;7,4;V;7,2;V;7,5;V;8,7;V;9,0;V;9,4;V;9,9;V;11,5;V;11,7;V;12,5;V;13,0;V;13,3;V;13,1;V;12,3;V;11,3;V;10,7;V;10,0;V;9,5;V;8,6;V;7,2;V
28;67;1;86;28067001_86_89;2026;3;3;90,0;V;90,0;V;90,0;V;91,0;V;91,0;V;91,0;V;89,0;V;79,0;V;76,0;V;75,0;V;74,0;V;68,0;V;66,0;V;62,0;V;60,0;V;59,0;V;60,0;V;63,0;V;67,0;V;69,0;V;71,0;V;73,0;V;76,0;V;81,0;V
28;67;1;87;28067001_87_89;2026;3;3;920,0;V;920,0;V;920,0;V;920,0;V;920,0;V;920,0;V;920,0;V;920,0;V;921,0;V;921,0;V;922,0;V;921,0;V;921,0;V;921,0;V;920,0;V;920,0;V;920,0;V;920,0;V;921,0;V;921,0;V;922,0;V;922,0;V;922,0;V;922,0;V
28;67;1;88;28067001_88_89;2026;3;3;1,0;V;1,0;V;1,0;V;1,0;V;1,0;V;1,0;V;1,0;V;6,0;V;55,0;V;124,0;V;265,0;V;428,0;V;389,0;V;527,0;V;446,0;V;398,0;V;263,0;V;64,0;V;1,0;V;1,0;V;1,0;V;1,0;V;1,0;V;1,0;V
28;67;1;89;28067001_89_89;2026;3;3;0,1;V;0,3;V;0,0;V;0,0;V;0,0;V;0,0;V;0,0;V;0,0;V;0,0;V;0,0;V;0,0;V;0,0;V;0,0;V;0,0;V;0,0;V;0,0;V;0,0;V;0,0;V;0,0;V;0,0;V;0,0;V;0,0;V;0,0;V;0,0;V
28;7;4;81;28007004_81_89;2026;3;3;1,7;V;1,8;V;1,4;V;1,6;V;1,1;V;1,1;V;1,1;V;1,1;V;1,5;V;2,0;V;2,3;V;1,8;V;2,0;V;2,3;V;2,2;V;2,6;V;2,1;V;1,5;V;1,7;V;1,4;V;1,2;V;1,5;V;1,3;V;1,2;V
28;7;4;82;28007004_82_89;2026;3;3;105,0;V;92,0;V;97,0;V;102,0;V;101,0;V;75,0;V;61,0;V;56,0;V;89,0;V;91,0;V;88,0;V;90,0;V;101,0;V;114,0;V;109,0;V;121,0;V;121,0;V;72,0;V;60,0;V;60,0;V;58,0;V;55,0;V;49,0;V;47,0;V
28;7;4;83;28007004_83_89;2026;3;3;10,4;V;10,5;V;10,8;V;10,8;V;10,8;V;10,8;V;10,6;V;10,6;V;11,9;V;13,1;V;14,0;V;14,5;V;15,9;V;16,7;V;17,2;V;17,0;V;16,8;V;16,2;V;14,8;V;13,7;V;12,9;V;12,1;V;11,4;V;11,2;V
28;7;4;86;28007004_86_89;2026;3;3;84,0;V;82,0;V;78,0;V;77,0;V;77,0;V;77,0;V;79,0;V;78,0;V;68,0;V;60,0;V;54,0;V;53,0;V;46,0;V;44,0;V;42,0;V;44,0;V;45,0;V;49,0;V;57,0;V;62,0;V;67,0;V;70,0;V;73,0;V;75,0;V
28;7;4;87;28007004_87_89;2026;3;3;932,0;V;932,0;V;932,0;V;932,0;V;932,0;V;932,0;V;932,0;V;932,0;V;933,0;V;933,0;V;933,0;V;933,0;V;933,0;V;932,0;V;932,0;V;931,0;V;931,0;V;932,0;V;932,0;V;933,0;V;933,0;V;934,0;V;934,0;V;934,0;V
28;7;4;88;28007004_88_89;2026;3;3;3,0;V;3,0;V;3,0;V;3,0;V;3,0;V;3,0;V;3,0;V;23,0;V;133,0;V;334,0;V;442,0;V;387,0;V;565,0;V;553,0;V;435,0;V;319,0;V;178,0;V;40,0;V;3,0;V;3,0;V;3,0;V;3,0;V;3,0;V;3,0;V
28;7;4;89;28007004_89_89;2026;3;3;0,0;V;0,0;V;0,0;V;0,0;V;0,0;V;0,0;V;0,0;V;0,0;V;0,0;V;0,0;V;0,0;V;0,0;V;0,0;V;0,0;V;0,0;V;0,0;V;0,0;V;0,0;V;0,0;V;0,0;V;0,0;V;0,0;V;0,0;V;0,0;V
28;74;7;81;28074007_81_89;2026;3;3;1,0;V;1,1;V;0,7;V;0,3;V;0,2;V;0,3;V;0,6;V;0,7;V;1,3;V;1,6;V;;N;;N;;N;1,7;V;1,4;V;1,4;V;1,1;V;1,2;V;0,9;V;0,6;V;1,1;V;0,8;V;0,4;V;0,3;V
28;74;7;82;28074007_82_89;2026;3;3;99,0;V;113,0;V;91,0;V;88,0;V;77,0;V;72,0;V;132,0;V;102,0;V;118,0;V;118,0;V;;N;;N;;N;109,0;V;254,0;V;265,0;V;168,0;V;121,0;V;123,0;V;39,0;V;166,0;V;233,0;V;92,0;V;88,0;V
28;74;7;83;28074007_83_89;2026;3;3;11,7;V;11,8;V;12,0;V;12,1;V;12,1;V;12,0;V;12,0;V;12,4;V;13,1;V;14,4;V;;N;;N;;N;19,3;V;19,5;V;19,2;V;19,1;V;17,6;V;16,3;V;15,0;V;14,0;V;13,2;V;12,8;V;12,2;V
28;74;7;86;28074007_86_89;2026;3;3;78,0;V;75,0;V;73,0;V;72,0;V;72,0;V;73,0;V;71,0;V;68,0;V;64,0;V;59,0;V;;N;;N;;N;40,0;V;40,0;V;41,0;V;42,0;V;47,0;V;52,0;V;59,0;V;63,0;V;66,0;V;69,0;V;71,0;V
28;74;7;87;28074007_87_89;2026;3;3;948,0;V;947,0;V;947,0;V;947,0;V;947,0;V;947,0;V;947,0;V;948,0;V;948,0;V;948,0;V;;N;;N;;N;948,0;V;947,0;V;947,0;V;947,0;V;947,0;V;948,0;V;948,0;V;949,0;V;949,0;V;950,0;V;950,0;V
28;74;7;88;28074007_88_89;2026;3;3;5,0;V;5,0;V;5,0;V;5,0;V;5,0;V;5,0;V;5,0;V;17,0;V;109,0;V;249,0;V;;N;;N;;N;508,0;V;393,0;V;300,0;V;163,0;V;39,0;V;4,0;V;4,0;V;4,0;V;4,0;V;4,0;V;5,0;V
28;74;7;89;28074007_89_89;2026;3;3;0,0;V;0,0;V;0,0;V;0,0;V;0,0;V;0,0;V;0,0;V;0,0;V;0,0;V;0,0;V;0,0;V;0,0;V;0,0;V;0,0;V;0,0;V;0,0;V;0,0;V;0,0;V;0,0;V;0,0;V;0,0;V;0,0;V;0,0;V;0,0;V
28;80;3;81;28080003_81_89;2026;3;3;2,4;V;2,3;V;2,4;V;1,9;V;1,6;V;2,0;V;2,5;V;2,7;V;3,0;V;3,1;V;3,3;V;2,8;V;3,0;V;3,5;V;3,7;V;3,6;V;3,5;V;3,1;V;2,9;V;3,4;V;2,7;V;2,5;V;2,7;V;2,3;V
28;80;3;82;28080003_82_89;2026;3;3;119,0;V;93,0;V;63,0;V;69,0;V;67,0;V;66,0;V;67,0;V;68,0;V;66,0;V;76,0;V;77,0;V;80,0;V;80,0;V;74,0;V;73,0;V;81,0;V;66,0;V;65,0;V;64,0;V;67,0;V;71,0;V;68,0;V;62,0;V;59,0;V
28;80;3;83;28080003_83_89;2026;3;3;9,2;V;9,4;V;9,1;V;8,9;V;9,0;V;8,9;V;8,9;V;9,1;V;9,7;V;10,8;V;11,8;V;12,4;V;13,6;V;14,3;V;14,4;V;14,8;V;14,2;V;13,6;V;12,6;V;11,8;V;11,0;V;10,4;V;9,9;V;9,4;V
28;80;3;86;28080003_86_89;2026;3;3;77,0;V;75,0;V;76,0;V;77,0;V;77,0;V;77,0;V;76,0;V;74,0;V;72,0;V;68,0;V;63,0;V;61,0;V;57,0;V;52,0;V;54,0;V;53,0;V;54,0;V;57,0;V;62,0;V;64,0;V;67,0;V;70,0;V;72,0;V;73,0;V
28;80;3;87;28080003_87_89;2026;3;3;935,0;V;935,0;V;934,0;V;934,0;V;934,0;V;934,0;V;934,0;V;935,0;V;935,0;V;936,0;V;936,0;V;936,0;V;935,0;V;935,0;V;934,0;V;934,0;V;934,0;V;934,0;V;935,0;V;935,0;V;936,0;V;936,0;V;937,0;V;937,0;V
28;80;3;88;28080003_88_89;2026;3;3;1,0;V;1,0;V;1,0;V;1,0;V;1,0;V;1,0;V;1,0;V;16,0;V;116,0;V;297,0;V;461,0;V;347,0;V;521,0;V;426,0;V;323,0;V;219,0;V;102,0;V;36,0;V;1,0;V;1,0;V;1,0;V;1,0;V;1,0;V;1,0;V
28;80;3;89;28080003_89_89;2026;3;3;0,1;V;0,0;V;0,0;V;0,0;V;0,0;V;0,0;V;0,0;V;0,0;V;0,0;V;0,0;V;0,0;V;0,0;V;0,0;V;0,0;V;0,0;V;0,0;V;0,0;V;0,0;V;0,0;V;0,0;V;0,0;V;0,0;V;0,0;V;0,0;V
28;9;1;81;28009001_81_89;2026;3;3;0,7;V;1,9;V;0,9;V;0,6;V;0,1;V;1,8;V;2,3;V;2,6;V;4,3;V;3,3;V;3,2;V;3,7;V;3,7;V;4,2;V;4,5;V;4,4;V;4,5;V;3,6;V;3,4;V;3,3;V;3,2;V;3,7;V;4,0;V;3,9;V
28;9;1;82;28009001_82_89;2026;3;3;91,0;V;88,0;V;67,0;V;157,0;V;63,0;V;66,0;V;61,0;V;58,0;V;68,0;V;69,0;V;65,0;V;82,0;V;71,0;V;58,0;V;63,0;V;57,0;V;54,0;V;55,0;V;56,0;V;59,0;V;61,0;V;62,0;V;64,0;V;66,0;V
28;9;1;83;28009001_83_89;2026;3;3;9,9;V;9,8;V;9,7;V;8,9;V;8,8;V;9,0;V;9,2;V;9,3;V;9,8;V;10,4;V;11,7;V;13,0;V;13,6;V;14,1;V;14,3;V;14,5;V;14,2;V;13,2;V;11,9;V;11,0;V;10,4;V;10,0;V;9,6;V;9,4;V
28;9;1;86;28009001_86_89;2026;3;3;66,0;V;67,0;V;67,0;V;69,0;V;72,0;V;73,0;V;72,0;V;71,0;V;71,0;V;70,0;V;68,0;V;63,0;V;58,0;V;55,0;V;53,0;V;51,0;V;52,0;V;54,0;V;58,0;V;61,0;V;64,0;V;66,0;V;68,0;V;69,0;V
28;9;1;87;28009001_87_89;2026;3;3;934,0;V;934,0;V;934,0;V;933,0;V;933,0;V;934,0;V;934,0;V;934,0;V;934,0;V;935,0;V;935,0;V;935,0;V;935,0;V;934,0;V;934,0;V;934,0;V;933,0;V;933,0;V;934,0;V;935,0;V;935,0;V;935,0;V;936,0;V;936,0;V
28;9;1;88;28009001_88_89;2026;3;3;0,0;V;0,0;V;0,0;V;0,0;V;0,0;V;0,0;V;1,0;V;27,0;V;101,0;V;200,0;V;380,0;V;368,0;V;566,0;V;567,0;V;517,0;V;409,0;V;259,0;V;76,0;V;1,0;V;0,0;V;0,0;V;0,0;V;0,0;V;0,0;V
28;9;1;89;28009001_89_89;2026;3;3;0,0;V;0,0;V;0,0;V;0,0;V;0,0;V;0,0;V;0,0;V;0,0;V;0,0;V;0,0;V;0,0;V;0,0;V;0,0;V;0,0;V;0,0;V;0,0;V;0,0;V;0,0;V;0,0;V;0,0;V;0,0;V;0,0;V;0,0;V;0,0;V
28;92;5;81;28092005_81_89;2026;3;3;1,5;V;1,2;V;1,2;V;0,9;V;0,6;V;0,6;V;0,7;V;0,6;V;0,6;V;1,2;V;1,2;V;1,2;V;1,5;V;2,0;V;2,2;V;2,3;V;1,9;V;1,2;V;0,9;V;0,7;V;0,8;V;0,9;V;0,7;V;0,4;V
28;92;5;82;28092005_82_89;2026;3;3;91,0;V;83,0;V;83,0;V;90,0;V;84,0;V;39,0;V;25,0;V;36,0;V;61,0;V;69,0;V;64,0;V;74,0;V;82,0;V;104,0;V;115,0;V;121,0;V;122,0;V;101,0;V;146,0;V;49,0;V;34,0;V;44,0;V;42,0;V;74,0;V
28;92;5;83;28092005_83_89;2026;3;3;10,5;V;10,7;V;10,9;V;10,9;V;10,9;V;10,9;V;10,8;V;11,0;V;12,2;V;14,1;V;15,8;V;15,6;V;17,0;V;17,7;V;17,8;V;17,7;V;17,3;V;16,4;V;15,2;V;14,0;V;12,9;V;12,1;V;11,5;V;11,0;V
28;92;5;86;28092005_86_89;2026;3;3;78,0;V;76,0;V;74,0;V;72,0;V;72,0;V;73,0;V;76,0;V;73,0;V;66,0;V;56,0;V;50,0;V;50,0;V;44,0;V;42,0;V;42,0;V;42,0;V;44,0;V;48,0;V;54,0;V;60,0;V;64,0;V;67,0;V;70,0;V;72,0;V
28;92;5;87;28092005_87_89;2026;3;3;938,0;V;938,0;V;937,0;V;937,0;V;938,0;V;938,0;V;938,0;V;938,0;V;939,0;V;939,0;V;939,0;V;939,0;V;939,0;V;938,0;V;937,0;V;937,0;V;937,0;V;937,0;V;938,0;V;939,0;V;939,0;V;939,0;V;940,0;V;941,0;V
28;92;5;88;28092005_88_89;2026;3;3;2,0;V;2,0;V;2,0;V;2,0;V;2,0;V;2,0;V;2,0;V;28,0;V;133,0;V;350,0;V;444,0;V;419,0;V;531,0;V;538,0;V;409,0;V;313,0;V;173,0;V;46,0;V;2,0;V;2,0;V;2,0;V;2,0;V;2,0;V;2,0;V
28;92;5;89;28092005_89_89;2026;3;3;0,0;V;0,0;V;0,0;V;0,0;V;0,0;V;0,0;V;0,0;V;0,0;V;0,0;V;0,0;V;0,0;V;0,0;V;0,0;V;0,0;V;0,0;V;0,0;V;0,0;V;0,0;V;0,0;V;0,0;V;0,0;V;0,0;V;0,0;V;0,0;V
28;102;1;81;28102001_81_89;2026;3;4;1,3;V;1,0;V;1,0;V;1,0;V;0,8;V;0,7;V;0,7;V;1,0;V;1,1;V;1,1;V;1,5;V;1,4;V;1,4;V;1,1;V;1,0;V;1,2;V;0,9;V;0,5;V;1,1;V;2,0;V;1,5;V;1,2;V;1,2;V;1,2;V
28;102;1;82;28102001_82_89;2026;3;4;323,0;V;31,0;V;39,0;V;38,0;V;56,0;V;54,0;V;38,0;V;29,0;V;38,0;V;40,0;V;42,0;V;72,0;V;122,0;V;115,0;V;88,0;V;194,0;V;174,0;V;240,0;V;7,0;V;28,0;V;59,0;V;56,0;V;292,0;V;244,0;V
28;102;1;83;28102001_83_89;2026;3;4;9,3;V;8,6;V;7,7;V;7,2;V;6,9;V;6,6;V;6,9;V;6,7;V;8,1;V;10,1;V;11,9;V;13,7;V;14,3;V;14,3;V;14,3;V;14,1;V;12,6;V;12,5;V;12,0;V;12,1;V;11,7;V;11,6;V;11,5;V;10,3;V
28;102;1;86;28102001_86_89;2026;3;4;85,0;V;80,0;V;84,0;V;88,0;V;90,0;V;91,0;V;88,0;V;88,0;V;82,0;V;75,0;V;64,0;V;54,0;V;51,0;V;53,0;V;55,0;V;57,0;V;76,0;V;76,0;V;79,0;V;76,0;V;77,0;V;76,0;V;73,0;V;80,0;V
28;102;1;87;28102001_87_89;2026;3;4;925,0;V;924,0;V;924,0;V;923,0;V;923,0;V;924,0;V;924,0;V;924,0;V;924,0;V;924,0;V;923,0;V;923,0;V;923,0;V;922,0;V;922,0;V;922,0;V;922,0;V;922,0;V;922,0;V;922,0;V;923,0;V;923,0;V;923,0;V;922,0;V
28;102;1;88;28102001_88_89;2026;3;4;0,0;V;0,0;V;0,0;V;0,0;V;0,0;V;0,0;V;3,0;V;51,0;V;214,0;V;316,0;V;452,0;V;485,0;V;420,0;V;301,0;V;223,0;V;88,0;V;81,0;V;20,0;V;1,0;V;0,0;V;0,0;V;0,0;V;0,0;V;0,0;V
28;102;1;89;28102001_89_89;2026;3;4;0,0;V;0,0;V;0,0;V;0,0;V;0,0;V;0,0;V;0,0;V;0,0;V;0,0;V;0,0;V;0,0;V;0,0;V;0,0;V;0,0;V;0,0;V;0,0;V;0,0;V;0,0;V;0,0;V;0,0;V;0,0;V;0,0;V;0,2;V;0,0;V
28;106;1;81;28106001_81_89;2026;3;4;1,2;V;0,6;V;0,7;V;0,7;V;0,8;V;0,9;V;1,8;V;3,2;V;3,3;V;2,8;V;3,2;V;3,3;V;1,9;V;1,5;V;1,5;V;1,9;V;1,4;V;0,7;V;0,9;V;2,0;V;0,6;V;1,6;V;1,8;V;0,2;V
28;106;1;82;28106001_82_89;2026;3;4;35,0;V;25,0;V;24,0;V;24,0;V;24,0;V;28,0;V;28,0;V;29,0;V;33,0;V;37,0;V;37,0;V;32,0;V;45,0;V;50,0;V;102,0;V;141,0;V;159,0;V;112,0;V;41,0;V;30,0;V;90,0;V;35,0;V;51,0;V;100,0;V
28;106;1;83;28106001_83_89;2026;3;4;10,3;V;10,0;V;9,5;V;9,1;V;8,8;V;8,6;V;8,2;V;8,5;V;9,5;V;10,8;V;12,4;V;14,0;V;15,5;V;16,6;V;17,1;V;16,0;V;14,9;V;14,6;V;14,0;V;13,9;V;13,5;V;12,8;V;12,3;V;12,0;V
28;106;1;86;28106001_86_89;2026;3;4;76,0;V;77,0;V;80,0;V;83,0;V;85,0;V;84,0;V;84,0;V;81,0;V;75,0;V;67,0;V;60,0;V;52,0;V;47,0;V;44,0;V;43,0;V;50,0;V;60,0;V;61,0;V;64,0;V;64,0;V;68,0;V;73,0;V;77,0;V;80,0;V
28;106;1;87;28106001_87_89;2026;3;4;941,0;V;941,0;V;940,0;V;940,0;V;940,0;V;940,0;V;940,0;V;940,0;V;940,0;V;940,0;V;940,0;V;939,0;V;939,0;V;938,0;V;938,0;V;938,0;V;938,0;V;938,0;V;938,0;V;938,0;V;939,0;V;939,0;V;939,0;V;939,0;V
28;106;1;88;28106001_88_89;2026;3;4;1,0;V;1,0;V;1,0;V;1,0;V;1,0;V;1,0;V;2,0;V;48,0;V;159,0;V;357,0;V;482,0;V;508,0;V;481,0;V;440,0;V;259,0;V;58,0;V;85,0;V;48,0;V;1,0;V;1,0;V;1,0;V;1,0;V;1,0;V;1,0;V
28;106;1;89;28106001_89_89;2026;3;4;0,0;V;0,0;V;0,0;V;0,0;V;0,0;V;0,0;V;0,0;V;0,0;V;0,0;V;0,0;V;0,0;V;0,0;V;0,0;V;0,0;V;0,0;V;0,0;V;0,0;V;0,0;V;0,0;V;0,0;V;0,0;V;0,0;V;0,0;V;0,0;V
28;115;3;81;28115003_81_89;2026;3;4;0,1;V;0,1;V;0,1;V;0,1;V;0,2;V;0,2;V;0,2;V;0,3;V;0,9;V;1,3;V;1,3;V;1,3;V;1,0;V;0,8;V;0,6;V;1,1;V;0,8;V;0,4;V;0,1;V;0,1;V;0,4;V;0,6;V;0,3;V;0,2;V
28;115;3;82;28115003_82_89;2026;3;4;276,0;V;345,0;V;25,0;V;347,0;V;29,0;V;25,0;V;46,0;V;29,0;V;44,0;V;46,0;V;51,0;V;50,0;V;59,0;V;69,0;V;80,0;V;148,0;V;178,0;V;193,0;V;223,0;V;296,0;V;19,0;V;42,0;V;44,0;V;346,0;V
28;115;3;83;28115003_83_89;2026;3;4;7,9;V;7,6;V;7,6;V;7,5;V;8,0;V;7,9;V;7,5;V;8,0;V;9,4;V;10,9;V;12,6;V;14,2;V;15,0;V;16,0;V;16,2;V;15,9;V;14,8;V;13,8;V;12,6;V;12,0;V;12,0;V;11,7;V;11,2;V;10,2;V
28;115;3;86;28115003_86_89;2026;3;4;93,0;V;94,0;V;94,0;V;93,0;V;87,0;V;86,0;V;87,0;V;85,0;V;78,0;V;71,0;V;63,0;V;55,0;V;51,0;V;48,0;V;44,0;V;47,0;V;54,0;V;64,0;V;73,0;V;78,0;V;77,0;V;79,0;V;88,0;V;95,0;V
28;115;3;87;28115003_87_89;2026;3;4;942,0;V;941,0;V;941,0;V;941,0;V;940,0;V;940,0;V;941,0;V;941,0;V;941,0;V;941,0;V;941,0;V;940,0;V;939,0;V;938,0;V;938,0;V;938,0;V;938,0;V;938,0;V;939,0;V;939,0;V;939,0;V;939,0;V;940,0;V;939,0;V
28;115;3;88;28115003_88_89;2026;3;4;1,0;V;1,0;V;1,0;V;1,0;V;1,0;V;1,0;V;2,0;V;34,0;V;109,0;V;176,0;V;295,0;V;429,0;V;403,0;V;386,0;V;219,0;V;139,0;V;54,0;V;37,0;V;1,0;V;1,0;V;1,0;V;1,0;V;1,0;V;1,0;V
28;115;3;89;28115003_89_89;2026;3;4;0,0;V;0,0;V;0,0;V;0,0;V;0,0;V;0,0;V;0,0;V;0,0;V;0,0;V;0,0;V;0,0;V;0,0;V;0,0;V;0,0;V;0,0;V;0,0;V;0,0;V;0,0;V;0,0;V;0,0;V;0,0;V;0,0;V;0,6;V;0,2;V
28;120;1;81;28120001_81_89;2026;3;4;2,5;V;2,0;V;1,8;V;1,5;V;1,2;V;1,3;V;1,6;V;1,3;V;2,3;V;2,6;V;2,4;V;3,7;V;3,0;V;2,4;V;3,1;V;2,7;V;2,2;V;1,7;V;1,4;V;1,6;V;1,8;V;2,0;V;1,4;V;1,8;V
28;120;1;82;28120001_82_89;2026;3;4;87,0;V;99,0;V;104,0;V;94,0;V;91,0;V;82,0;V;101,0;V;89,0;V;119,0;V;124,0;V;103,0;V;133,0;V;128,0;V;131,0;V;132,0;V;129,0;V;131,0;V;99,0;V;90,0;V;98,0;V;94,0;V;95,0;V;95,0;V;113,0;V
28;120;1;83;28120001_83_89;2026;3;4;2,7;V;2,4;V;2,0;V;2,0;V;1,8;V;2,2;V;1,3;V;2,0;V;2,9;V;4,2;V;5,9;V;6,8;V;7,5;V;7,2;V;7,7;V;6,8;V;5,7;V;4,5;V;4,3;V;4,0;V;4,1;V;3,6;V;3,5;V;1,9;V
28;120;1;86;28120001_86_89;2026;3;4;87,0;V;88,0;V;89,0;V;87,0;V;86,0;V;80,0;V;89,0;V;85,0;V;85,0;V;79,0;V;72,0;V;71,0;V;70,0;V;74,0;V;74,0;V;75,0;V;79,0;V;89,0;V;88,0;V;89,0;V;84,0;V;87,0;V;89,0;V;99,0;V
28;120;1;87;28120001_87_89;2026;3;4;811,0;V;811,0;V;811,0;V;810,0;V;810,0;V;810,0;V;810,0;V;810,0;V;811,0;V;810,0;V;810,0;V;810,0;V;810,0;V;810,0;V;809,0;V;809,0;V;809,0;V;809,0;V;810,0;V;810,0;V;810,0;V;810,0;V;810,0;V;810,0;V
28;120;1;88;28120001_88_89;2026;3;4;1,0;V;1,0;V;1,0;V;1,0;V;1,0;V;1,0;V;2,0;V;92,0;V;286,0;V;428,0;V;624,0;V;848,0;V;821,0;V;526,0;V;627,0;V;354,0;V;202,0;V;19,0;V;1,0;V;1,0;V;1,0;V;1,0;V;1,0;V;1,0;V
28;120;1;89;28120001_89_89;2026;3;4;0,0;V;0,0;V;0,0;V;0,0;V;0,0;V;0,0;V;0,0;V;0,0;V;0,0;V;0,0;V;0,0;V;0,0;V;0,0;V;0,0;V;0,0;V;0,0;V;0,0;V;0,0;V;0,0;V;0,0;V;0,0;V;0,0;V;0,0;V;0,0;V
28;123;2;81;28123002_81_89;2026;3;4;0,8;V;1,0;V;0,5;V;0,5;V;1,2;V;1,0;V;1,0;V;1,6;V;2,1;V;2,4;V;2,3;V;2,1;V;1,6;V;1,6;V;1,9;V;2,4;V;2,2;V;1,3;V;0,5;V;1,1;V;1,9;V;2,0;V;1,5;V;1,1;V
28;123;2;82;28123002_82_89;2026;3;4;83,0;V;75,0;V;279,0;V;127,0;V;74,0;V;63,0;V;71,0;V;63,0;V;66,0;V;70,0;V;74,0;V;71,0;V;81,0;V;109,0;V;144,0;V;168,0;V;191,0;V;191,0;V;182,0;V;79,0;V;62,0;V;65,0;V;83,0;V;140,0;V
28;123;2;83;28123002_83_89;2026;3;4;5,2;V;4,7;V;3,7;V;2,8;V;3,9;V;3,4;V;2,9;V;3,4;V;4,4;V;6,9;V;9,5;V;11,6;V;13,8;V;15,4;V;13,9;V;12,6;V;11,5;V;10,7;V;9,4;V;9,5;V;8,8;V;7,9;V;7,5;V;7,3;V
28;123;2;86;28123002_86_89;2026;3;4;73,0;V;75,0;V;78,0;V;83,0;V;76,0;V;75,0;V;77,0;V;75,0;V;71,0;V;62,0;V;53,0;V;45,0;V;39,0;V;35,0;V;37,0;V;43,0;V;51,0;V;57,0;V;62,0;V;62,0;V;65,0;V;72,0;V;77,0;V;76,0;V
28;123;2;87;28123002_87_89;2026;3;4;948,0;V;947,0;V;947,0;V;946,0;V;946,0;V;947,0;V;947,0;V;947,0;V;947,0;V;947,0;V;947,0;V;946,0;V;946,0;V;945,0;V;944,0;V;944,0;V;945,0;V;944,0;V;945,0;V;945,0;V;945,0;V;946,0;V;946,0;V;945,0;V
28;123;2;88;28123002_88_89;2026;3;4;15,0;V;15,0;V;15,0;V;15,0;V;15,0;V;15,0;V;15,0;V;65,0;V;169,0;V;392,0;V;500,0;V;519,0;V;570,0;V;453,0;V;255,0;V;120,0;V;88,0;V;59,0;V;14,0;V;14,0;V;14,0;V;14,0;V;15,0;V;15,0;V
28;123;2;89;28123002_89_89;2026;3;4;0,0;V;0,0;V;0,0;V;0,0;V;0,0;V;0,0;V;0,0;V;0,0;V;0,0;V;0,0;V;0,0;V;0,0;V;0,0;V;0,0;V;0,0;V;0,0;V;0,0;V;0,0;V;0,0;V;0,0;V;0,0;V;0,0;V;0,0;V;0,0;V
28;127;4;81;28127004_81_89;2026;3;4;0,4;V;0,5;V;1,1;V;0,9;V;1,0;V;0,3;V;0,6;V;0,6;V;1,2;V;1,7;V;1,8;V;2,0;V;1,7;V;1,4;V;1,0;V;1,5;V;1,6;V;0,8;V;0,6;V;0,6;V;1,5;V;0,9;V;0,7;V;1,2;V
28;127;4;82;28127004_82_89;2026;3;4;35,0;V;35,0;V;31,0;V;34,0;V;33,0;V;59,0;V;75,0;V;51,0;V;63,0;V;79,0;V;80,0;V;67,0;V;67,0;V;75,0;V;102,0;V;135,0;V;161,0;V;167,0;V;288,0;V;27,0;V;35,0;V;65,0;V;58,0;V;55,0;V
28;127;4;83;28127004_83_89;2026;3;4;9,1;V;8,8;V;8,5;V;8,5;V;8,2;V;7,8;V;7,8;V;7,8;V;9,3;V;10,9;V;12,3;V;13,6;V;14,5;V;15,6;V;16,2;V;15,6;V;14,6;V;13,6;V;12,6;V;11,9;V;11,4;V;11,3;V;10,9;V;9,8;V
28;127;4;86;28127004_86_89;2026;3;4;77,0;V;78,0;V;79,0;V;78,0;V;77,0;V;76,0;V;76,0;V;76,0;V;73,0;V;65,0;V;59,0;V;52,0;V;48,0;V;46,0;V;41,0;V;42,0;V;47,0;V;56,0;V;65,0;V;70,0;V;72,0;V;74,0;V;75,0;V;84,0;V
28;127;4;87;28127004_87_89;2026;3;4;934,0;V;934,0;V;933,0;V;933,0;V;932,0;V;933,0;V;933,0;V;933,0;V;933,0;V;933,0;V;933,0;V;932,0;V;932,0;V;931,0;V;931,0;V;931,0;V;931,0;V;931,0;V;931,0;V;931,0;V;931,0;V;932,0;V;932,0;V;932,0;V
28;127;4;88;28127004_88_89;2026;3;4;1,0;V;1,0;V;1,0;V;1,0;V;1,0;V;1,0;V;2,0;V;46,0;V;220,0;V;380,0;V;503,0;V;569,0;V;464,0;V;542,0;V;372,0;V;147,0;V;68,0;V;50,0;V;1,0;V;1,0;V;1,0;V;1,0;V;1,0;V;1,0;V
28;127;4;89;28127004_89_89;2026;3;4;0,0;V;0,0;V;0,0;V;0,0;V;0,0;V;0,0;V;0,0;V;0,0;V;0,0;V;0,0;V;0,0;V;0,0;V;0,0;V;0,0;V;0,0;V;0,0;V;0,0;V;0,0;V;0,0;V;0,0;V;0,0;V;0,0;V;0,2;V;0,0;V
28;13;2;81;28013002_81_89;2026;3;4;0,2;V;0,1;V;0,1;V;0,1;V;0,2;V;0,4;V;0,6;V;0,2;V;0,7;V;1,2;V;0,9;V;0,8;V;1,8;V;1,9;V;1,2;V;2,0;V;1,9;V;0,8;V;0,6;V;0,2;V;0,2;V;0,5;V;1,1;V;0,4;V
28;13;2;82;28013002_82_89;2026;3;4;74,0;V;62,0;V;60,0;V;88,0;V;63,0;V;62,0;V;70,0;V;60,0;V;62,0;V;86,0;V;87,0;V;95,0;V;84,0;V;83,0;V;116,0;V;158,0;V;141,0;V;88,0;V;113,0;V;77,0;V;155,0;V;182,0;V;199,0;V;220,0;V
28;13;2;83;28013002_83_89;2026;3;4;10,0;V;8,9;V;7,8;V;7,2;V;6,2;V;5,0;V;4,8;V;5,6;V;7,1;V;9,3;V;12,3;V;14,5;V;15,7;V;16,0;V;16,2;V;15,6;V;15,1;V;15,0;V;14,3;V;13,8;V;13,4;V;13,1;V;12,4;V;11,9;V
28;13;2;86;28013002_86_89;2026;3;4;79,0;V;83,0;V;86,0;V;88,0;V;89,0;V;93,0;V;94,0;V;93,0;V;88,0;V;81,0;V;70,0;V;61,0;V;55,0;V;54,0;V;54,0;V;61,0;V;63,0;V;64,0;V;67,0;V;69,0;V;72,0;V;75,0;V;79,0;V;82,0;V
28;13;2;87;28013002_87_89;2026;3;4;957,0;V;957,0;V;957,0;V;956,0;V;956,0;V;957,0;V;957,0;V;956,0;V;957,0;V;957,0;V;956,0;V;956,0;V;955,0;V;954,0;V;954,0;V;954,0;V;954,0;V;954,0;V;954,0;V;954,0;V;955,0;V;955,0;V;955,0;V;955,0;V
28;13;2;88;28013002_88_89;2026;3;4;0,0;V;0,0;V;0,0;V;0,0;V;0,0;V;0,0;V;2,0;V;58,0;V;165,0;V;297,0;V;416,0;V;370,0;V;382,0;V;286,0;V;129,0;V;150,0;V;69,0;V;28,0;V;0,0;V;0,0;V;0,0;V;0,0;V;0,0;V;0,0;V
28;13;2;89;28013002_89_89;2026;3;4;0,0;V;0,0;V;0,0;V;0,0;V;0,0;V;0,0;V;0,0;V;0,0;V;0,0;V;0,0;V;0,0;V;0,0;V;0,0;V;0,0;V;0,0;V;0,0;V;0,0;V;0,0;V;0,0;V;0,0;V;0,0;V;0,0;V;0,0;V;0,0;V
28;133;2;81;28133002_81_89;2026;3;4;0,3;V;0,3;V;0,1;V;0,1;V;0,2;V;0,3;V;0,3;V;0,6;V;0,2;V;0,4;V;1,1;V;1,3;V;2,0;V;2,0;V;1,9;V;2,9;V;2,6;V;1,3;V;0,8;V;1,1;V;0,9;V;0,4;V;0,8;V;0,4;V
28;133;2;82;28133002_82_89;2026;3;4;119,0;V;104,0;V;73,0;V;302,0;V;277,0;V;276,0;V;297,0;V;8,0;V;137,0;V;202,0;V;290,0;V;192,0;V;141,0;V;141,0;V;140,0;V;162,0;V;190,0;V;203,0;V;254,0;V;322,0;V;300,0;V;259,0;V;74,0;V;96,0;V
28;133;2;83;28133002_83_89;2026;3;4;8,9;V;8,7;V;8,2;V;7,7;V;7,7;V;7,7;V;7,6;V;7,7;V;8,7;V;10,2;V;11,7;V;13,8;V;14,9;V;15,4;V;15,4;V;14,7;V;13,4;V;12,8;V;11,7;V;11,2;V;11,0;V;10,6;V;10,0;V;9,4;V
28;133;2;86;28133002_86_89;2026;3;4;78,0;V;80,0;V;83,0;V;86,0;V;85,0;V;84,0;V;81,0;V;78,0;V;74,0;V;67,0;V;61,0;V;53,0;V;48,0;V;46,0;V;46,0;V;46,0;V;56,0;V;61,0;V;67,0;V;70,0;V;71,0;V;74,0;V;79,0;V;95,0;V
28;133;2;87;28133002_87_89;2026;3;4;937,0;V;937,0;V;936,0;V;936,0;V;935,0;V;935,0;V;936,0;V;936,0;V;936,0;V;936,0;V;936,0;V;935,0;V;935,0;V;934,0;V;933,0;V;934,0;V;934,0;V;934,0;V;934,0;V;934,0;V;934,0;V;934,0;V;935,0;V;935,0;V
28;133;2;88;28133002_88_89;2026;3;4;5,0;V;5,0;V;5,0;V;5,0;V;5,0;V;5,0;V;5,0;V;47,0;V;149,0;V;230,0;V;417,0;V;554,0;V;583,0;V;500,0;V;395,0;V;167,0;V;75,0;V;35,0;V;4,0;V;4,0;V;4,0;V;5,0;V;5,0;V;4,0;V
28;133;2;89;28133002_89_89;2026;3;4;0,0;V;0,0;V;0,0;V;0,0;V;0,0;V;0,0;V;0,0;V;0,0;V;0,0;V;0,0;V;0,0;V;0,0;V;0,0;V;0,0;V;0,0;V;0,0;V;0,0;V;0,0;V;0,0;V;0,0;V;0,0;V;0,0;V;0,2;V;0,0;V
28;134;2;81;28134002_81_89;2026;3;4;0,2;V;0,2;V;0,3;V;0,1;V;0,1;V;0,2;V;0,2;V;0,4;V;0,9;V;1,3;V;1,6;V;1,7;V;1,4;V;1,9;V;1,5;V;2,4;V;1,8;V;0,7;V;0,1;V;0,1;V;0,5;V;0,3;V;0,6;V;0,3;V
28;134;2;82;28134002_82_89;2026;3;4;7,0;V;349,0;V;6,0;V;351,0;V;348,0;V;35,0;V;22,0;V;18,0;V;50,0;V;66,0;V;59,0;V;54,0;V;66,0;V;85,0;V;87,0;V;135,0;V;164,0;V;177,0;V;305,0;V;332,0;V;15,0;V;59,0;V;319,0;V;302,0;V
28;134;2;83;28134002_83_89;2026;3;4;7,2;V;5,0;V;6,4;V;4,4;V;3,5;V;5,8;V;5,9;V;5,7;V;9,4;V;11,6;V;13,2;V;14,5;V;15,8;V;16,0;V;16,2;V;16,2;V;15,2;V;14,2;V;11,4;V;10,3;V;11,0;V;10,9;V;9,5;V;8,7;V
28;134;2;86;28134002_86_89;2026;3;4;83,0;V;90,0;V;89,0;V;91,0;V;94,0;V;89,0;V;82,0;V;87,0;V;71,0;V;62,0;V;55,0;V;50,0;V;46,0;V;41,0;V;42,0;V;42,0;V;45,0;V;51,0;V;66,0;V;74,0;V;75,0;V;76,0;V;88,0;V;91,0;V
28;134;2;87;28134002_87_89;2026;3;4;939,0;V;939,0;V;938,0;V;938,0;V;938,0;V;938,0;V;938,0;V;939,0;V;938,0;V;938,0;V;938,0;V;938,0;V;937,0;V;936,0;V;936,0;V;935,0;V;936,0;V;936,0;V;937,0;V;937,0;V;937,0;V;937,0;V;937,0;V;937,0;V
28;134;2;88;28134002_88_89;2026;3;4;1,0;V;1,0;V;1,0;V;1,0;V;1,0;V;1,0;V;2,0;V;50,0;V;210,0;V;389,0;V;534,0;V;596,0;V;583,0;V;473,0;V;327,0;V;264,0;V;67,0;V;36,0;V;1,0;V;1,0;V;1,0;V;1,0;V;1,0;V;1,0;V
28;134;2;89;28134002_89_89;2026;3;4;0,0;V;0,0;V;0,0;V;0,0;V;0,0;V;0,0;V;0,0;V;0,0;V;0,0;V;0,0;V;0,0;V;0,0;V;0,0;V;0,0;V;0,0;V;0,0;V;0,0;V;0,0;V;0,0;V;0,0;V;0,0;V;0,0;V;0,1;V;0,0;V
28;14;2;81;28014002_81_89;2026;3;4;0,5;V;0,7;V;0,3;V;0,4;V;0,4;V;0,5;V;0,2;V;1,5;V;2,0;V;1,8;V;3,1;V;2,5;V;2,0;V;1,8;V;1,7;V;2,3;V;2,5;V;1,2;V;1,6;V;2,5;V;1,9;V;1,3;V;1,0;V;1,3;V
28;14;2;82;28014002_82_89;2026;3;4;163,0;V;160,0;V;160,0;V;164,0;V;164,0;V;164,0;V;167,0;V;58,0;V;85,0;V;5,0;V;310,0;V;303,0;V;29,0;V;105,0;V;119,0;V;166,0;V;177,0;V;133,0;V;165,0;V;106,0;V;47,0;V;326,0;V;14,0;V;61,0;V
28;14;2;83;28014002_83_89;2026;3;4;7,2;V;6,8;V;6,0;V;5,6;V;5,4;V;5,1;V;4,8;V;6,2;V;7,4;V;10,7;V;12,8;V;14,7;V;16,7;V;16,6;V;15,9;V;15,3;V;14,6;V;14,1;V;13,3;V;12,7;V;12,4;V;11,9;V;11,3;V;10,9;V
28;14;2;86;28014002_86_89;2026;3;4;81,0;V;82,0;V;85,0;V;86,0;V;86,0;V;87,0;V;86,0;V;79,0;V;75,0;V;62,0;V;52,0;V;45,0;V;39,0;V;39,0;V;42,0;V;48,0;V;55,0;V;58,0;V;61,0;V;64,0;V;66,0;V;71,0;V;74,0;V;77,0;V
28;14;2;87;28014002_87_89;2026;3;4;950,0;V;949,0;V;949,0;V;949,0;V;949,0;V;949,0;V;949,0;V;949,0;V;949,0;V;949,0;V;949,0;V;948,0;V;948,0;V;947,0;V;946,0;V;947,0;V;947,0;V;947,0;V;947,0;V;947,0;V;947,0;V;948,0;V;948,0;V;947,0;V
28;14;2;88;28014002_88_89;2026;3;4;1,0;V;1,0;V;1,0;V;1,0;V;1,0;V;1,0;V;2,0;V;51,0;V;159,0;V;359,0;V;477,0;V;556,0;V;596,0;V;348,0;V;215,0;V;103,0;V;102,0;V;37,0;V;1,0;V;1,0;V;1,0;V;1,0;V;1,0;V;1,0;V
28;14;2;89;28014002_89_89;2026;3;4;0,0;V;0,0;V;0,0;V;0,0;V;0,0;V;0,0;V;0,0;V;0,0;V;0,0;V;0,0;V;0,0;V;0,0;V;0,0;V;0,0;V;0,0;V;0,0;V;0,0;V;0,0;V;0,0;V;0,0;V;0,0;V;0,0;V;0,0;V;0,0;V
28;148;4;81;28148004_81_89;2026;3;4;0,7;V;0,9;V;0,6;V;0,3;V;0,6;V;0,5;V;0,7;V;1,3;V;2,4;V;3,4;V;3,0;V;2,5;V;2,0;V;2,3;V;2,7;V;2,4;V;1,8;V;1,4;V;0,6;V;1,9;V;3,2;V;2,3;V;1,5;V;0,7;V
28;148;4;82;28148004_82_89;2026;3;4;59,0;V;47,0;V;34,0;V;14,0;V;36,0;V;51,0;V;60,0;V;51,0;V;50,0;V;58,0;V;57,0;V;65,0;V;85,0;V;75,0;V;149,0;V;177,0;V;204,0;V;213,0;V;148,0;V;43,0;V;47,0;V;66,0;V;87,0;V;69,0;V
28;148;4;83;28148004_83_89;2026;3;4;10,3;V;10,0;V;9,3;V;8,9;V;8,8;V;8,5;V;8,4;V;8,3;V;9,5;V;11,5;V;13,6;V;15,7;V;17,2;V;18,2;V;18,0;V;17,4;V;16,6;V;15,6;V;14,8;V;14,3;V;13,3;V;13,1;V;12,7;V;12,3;V
28;148;4;86;28148004_86_89;2026;3;4;75,0;V;76,0;V;80,0;V;81,0;V;79,0;V;80,0;V;80,0;V;81,0;V;75,0;V;66,0;V;56,0;V;49,0;V;42,0;V;38,0;V;41,0;V;44,0;V;48,0;V;57,0;V;61,0;V;63,0;V;69,0;V;72,0;V;76,0;V;78,0;V
28;148;4;87;28148004_87_89;2026;3;4;951,0;V;951,0;V;950,0;V;950,0;V;950,0;V;950,0;V;950,0;V;950,0;V;951,0;V;951,0;V;951,0;V;951,0;V;951,0;V;950,0;V;949,0;V;949,0;V;949,0;V;949,0;V;949,0;V;949,0;V;949,0;V;950,0;V;950,0;V;949,0;V
28;148;4;88;28148004_88_89;2026;3;4;15,0;V;15,0;V;15,0;V;15,0;V;15,0;V;15,0;V;16,0;V;75,0;V;157,0;V;411,0;V;536,0;V;597,0;V;489,0;V;516,0;V;293,0;V;157,0;V;87,0;V;57,0;V;15,0;V;15,0;V;15,0;V;15,0;V;15,0;V;15,0;V
28;148;4;89;28148004_89_89;2026;3;4;0,0;V;0,0;V;0,0;V;0,0;V;0,0;V;0,0;V;0,0;V;0,0;V;0,0;V;0,0;V;0,0;V;0,0;V;0,0;V;0,0;V;0,0;V;0,0;V;0,0;V;0,0;V;0,0;V;0,0;V;0,0;V;0,0;V;0,0;V;0,0;V
28;16;1;81;28016001_81_89;2026;3;4;3,6;V;3,1;V;1,6;V;0,7;V;0,7;V;1,2;V;0,8;V;1,8;V;2,3;V;4,6;V;3,8;V;3,8;V;3,0;V;3,3;V;2,9;V;2,6;V;2,3;V;2,2;V;2,9;V;3,2;V;2,0;V;3,1;V;3,1;V;4,6;V
28;16;1;82;28016001_82_89;2026;3;4;74,0;V;97,0;V;130,0;V;82,0;V;336,0;V;36,0;V;17,0;V;47,0;V;51,0;V;42,0;V;49,0;V;53,0;V;60,0;V;80,0;V;66,0;V;64,0;V;52,0;V;69,0;V;99,0;V;119,0;V;87,0;V;345,0;V;35,0;V;354,0;V
28;16;1;83;28016001_83_89;2026;3;4;8,0;V;7,9;V;7,8;V;7,9;V;7,0;V;7,3;V;7,4;V;7,4;V;8,3;V;9,6;V;10,7;V;11,5;V;12,4;V;12,9;V;13,1;V;13,3;V;12,5;V;11,2;V;10,4;V;9,6;V;9,8;V;9,8;V;8,5;V;7,7;V
28;16;1;86;28016001_86_89;2026;3;4;74,0;V;73,0;V;71,0;V;69,0;V;71,0;V;69,0;V;67,0;V;68,0;V;68,0;V;65,0;V;63,0;V;62,0;V;59,0;V;57,0;V;57,0;V;59,0;V;63,0;V;69,0;V;72,0;V;76,0;V;71,0;V;72,0;V;78,0;V;83,0;V
28;16;1;87;28016001_87_89;2026;3;4;900,0;V;900,0;V;900,0;V;899,0;V;899,0;V;899,0;V;900,0;V;900,0;V;900,0;V;900,0;V;900,0;V;899,0;V;898,0;V;898,0;V;898,0;V;897,0;V;897,0;V;898,0;V;898,0;V;898,0;V;899,0;V;899,0;V;899,0;V;898,0;V
28;16;1;88;28016001_88_89;2026;3;4;0,0;V;0,0;V;0,0;V;0,0;V;0,0;V;0,0;V;1,0;V;49,0;V;197,0;V;321,0;V;440,0;V;499,0;V;477,0;V;510,0;V;404,0;V;311,0;V;129,0;V;25,0;V;0,0;V;0,0;V;0,0;V;0,0;V;0,0;V;0,0;V
28;16;1;89;28016001_89_89;2026;3;4;0,0;V;0,0;V;0,0;V;0,0;V;0,0;V;0,0;V;0,0;V;0,0;V;0,0;V;0,0;V;0,0;V;0,0;V;0,0;V;0,0;V;0,0;V;0,0;V;0,0;V;0,0;V;0,0;V;0,0;V;0,0;V;0,0;V;0,0;V;0,1;V
28;161;1;81;28161001_81_89;2026;3;4;0,5;V;0,4;V;0,1;V;0,1;V;0,1;V;0,1;V;0,7;V;2,6;V;3,3;V;3,7;V;3,4;V;2,9;V;2,8;V;2,1;V;2,2;V;2,1;V;1,7;V;1,5;V;1,5;V;0,9;V;1,1;V;1,7;V;1,3;V;1,3;V
28;161;1;82;28161001_82_89;2026;3;4;70,0;V;54,0;V;340,0;V;31,0;V;52,0;V;49,0;V;58,0;V;53,0;V;52,0;V;56,0;V;54,0;V;64,0;V;76,0;V;120,0;V;137,0;V;162,0;V;158,0;V;132,0;V;68,0;V;95,0;V;97,0;V;65,0;V;125,0;V;270,0;V
28;161;1;83;28161001_83_89;2026;3;4;9,6;V;9,6;V;8,9;V;8,5;V;7,7;V;7,1;V;7,1;V;7,8;V;8,8;V;10,6;V;12,7;V;14,5;V;15,9;V;16,7;V;16,3;V;15,2;V;14,6;V;14,4;V;13,6;V;13,7;V;12,9;V;12,4;V;12,1;V;11,6;V
28;161;1;86;28161001_86_89;2026;3;4;86,0;V;85,0;V;88,0;V;90,0;V;92,0;V;94,0;V;93,0;V;89,0;V;84,0;V;75,0;V;65,0;V;58,0;V;53,0;V;51,0;V;53,0;V;61,0;V;67,0;V;68,0;V;72,0;V;71,0;V;76,0;V;81,0;V;84,0;V;85,0;V
28;161;1;87;28161001_87_89;2026;3;4;946,0;V;946,0;V;945,0;V;945,0;V;945,0;V;945,0;V;945,0;V;945,0;V;945,0;V;945,0;V;945,0;V;944,0;V;944,0;V;943,0;V;943,0;V;943,0;V;943,0;V;943,0;V;943,0;V;943,0;V;944,0;V;944,0;V;944,0;V;944,0;V
28;161;1;88;28161001_88_89;2026;3;4;1,0;V;1,0;V;1,0;V;1,0;V;1,0;V;1,0;V;2,0;V;60,0;V;220,0;V;404,0;V;469,0;V;519,0;V;517,0;V;380,0;V;192,0;V;68,0;V;109,0;V;43,0;V;1,0;V;1,0;V;1,0;V;1,0;V;1,0;V;1,0;V
28;161;1;89;28161001_89_89;2026;3;4;0,0;V;0,0;V;0,0;V;0,0;V;0,0;V;0,0;V;0,0;V;0,0;V;0,0;V;0,0;V;0,0;V;0,0;V;0,0;V;0,0;V;0,0;V;0,0;V;0,0;V;0,0;V;0,0;V;0,0;V;0,0;V;0,0;V;0,0;V;0,0;V
28;171;1;81;28171001_81_89;2026;3;4;0,5;V;0,4;V;0,5;V;0,6;V;0,8;V;0,7;V;1,2;V;1,4;V;1,6;V;2,5;V;2,8;V;2,9;V;2,2;V;2,8;V;2,4;V;2,1;V;1,2;V;0,6;V;0,6;V;0,7;V;0,4;V;0,6;V;0,6;V;0,4;V
28;171;1;82;28171001_82_89;2026;3;4;30,0;V;37,0;V;48,0;V;32,0;V;38,0;V;36,0;V;56,0;V;48,0;V;57,0;V;51,0;V;54,0;V;56,0;V;73,0;V;103,0;V;114,0;V;149,0;V;158,0;V;149,0;V;16,0;V;43,0;V;191,0;V;335,0;V;311,0;V;263,0;V
28;171;1;83;28171001_83_89;2026;3;4;7,2;V;6,5;V;5,8;V;4,7;V;4,5;V;4,5;V;4,4;V;4,1;V;6,8;V;11,5;V;13,8;V;14,6;V;16,4;V;17,0;V;17,0;V;15,9;V;14,8;V;14,0;V;12,0;V;10,8;V;10,8;V;9,7;V;9,2;V;9,2;V
28;171;1;86;28171001_86_89;2026;3;4;85,0;V;84,0;V;86,0;V;88,0;V;89,0;V;90,0;V;90,0;V;91,0;V;89,0;V;68,0;V;57,0;V;52,0;V;48,0;V;44,0;V;43,0;V;49,0;V;56,0;V;60,0;V;68,0;V;74,0;V;75,0;V;78,0;V;81,0;V;84,0;V
28;171;1;87;28171001_87_89;2026;3;4;961,0;V;960,0;V;960,0;V;959,0;V;959,0;V;959,0;V;960,0;V;960,0;V;960,0;V;960,0;V;960,0;V;962,0;V;961,0;V;960,0;V;960,0;V;960,0;V;960,0;V;960,0;V;960,0;V;960,0;V;961,0;V;961,0;V;961,0;V;962,0;V
28;171;1;88;28171001_88_89;2026;3;4;2,0;V;2,0;V;2,0;V;2,0;V;2,0;V;2,0;V;3,0;V;32,0;V;230,0;V;406,0;V;537,0;V;556,0;V;577,0;V;566,0;V;449,0;V;78,0;V;114,0;V;38,0;V;3,0;V;2,0;V;2,0;V;2,0;V;2,0;V;2,0;V
28;171;1;89;28171001_89_89;2026;3;4;0,0;V;0,0;V;0,0;V;0,0;V;0,0;V;0,0;V;0,0;V;0,0;V;0,0;V;0,0;V;0,0;V;0,0;V;0,0;V;0,0;V;0,0;V;0,0;V;0,0;V;0,0;V;0,0;V;0,0;V;0,0;V;0,0;V;0,0;V;0,0;V
28;180;1;81;28180001_81_89;2026;3;4;0,1;V;0,1;V;0,1;V;0,3;V;0,1;V;0,1;V;0,2;V;0,9;V;1,4;V;1,7;V;1,7;V;1,6;V;1,2;V;1,1;V;0,9;V;2,0;V;1,4;V;0,6;V;1,0;V;0,5;V;0,5;V;0,8;V;0,5;V;0,6;V
28;180;1;82;28180001_82_89;2026;3;4;42,0;V;342,0;V;333,0;V;316,0;V;37,0;V;80,0;V;24,0;V;58,0;V;118,0;V;85,0;V;94,0;V;93,0;V;104,0;V;94,0;V;116,0;V;175,0;V;136,0;V;117,0;V;107,0;V;109,0;V;173,0;V;241,0;V;234,0;V;197,0;V
28;180;1;83;28180001_83_89;2026;3;4;8,1;V;7,5;V;7,3;V;6,9;V;6,2;V;5,8;V;6,1;V;5,9;V;7,6;V;9,9;V;12,4;V;14,4;V;15,2;V;14,7;V;14,7;V;13,6;V;12,9;V;12,6;V;11,8;V;11,3;V;11,2;V;11,0;V;10,4;V;9,2;V
28;180;1;86;28180001_86_89;2026;3;4;79,0;V;80,0;V;81,0;V;82,0;V;83,0;V;83,0;V;82,0;V;83,0;V;76,0;V;64,0;V;53,0;V;46,0;V;44,0;V;47,0;V;48,0;V;57,0;V;62,0;V;64,0;V;70,0;V;72,0;V;72,0;V;71,0;V;72,0;V;83,0;V
28;180;1;87;28180001_87_89;2026;3;4;931,0;V;931,0;V;931,0;V;930,0;V;930,0;V;930,0;V;930,0;V;930,0;V;930,0;V;931,0;V;930,0;V;930,0;V;929,0;V;929,0;V;928,0;V;929,0;V;929,0;V;929,0;V;928,0;V;929,0;V;929,0;V;930,0;V;929,0;V;929,0;V
28;180;1;88;28180001_88_89;2026;3;4;1,0;V;1,0;V;1,0;V;1,0;V;1,0;V;1,0;V;2,0;V;68,0;V;230,0;V;365,0;V;528,0;V;573,0;V;463,0;V;311,0;V;229,0;V;119,0;V;81,0;V;15,0;V;1,0;V;1,0;V;1,0;V;1,0;V;1,0;V;1,0;V
28;180;1;89;28180001_89_89;2026;3;4;0,0;V;0,0;V;0,0;V;0,0;V;0,0;V;0,0;V;0,0;V;0,0;V;0,0;V;0,0;V;0,0;V;0,0;V;0,0;V;0,0;V;0,0;V;0,0;V;0,0;V;0,0;V;0,0;V;0,0;V;0,0;V;0,0;V;0,4;V;0,0;V
28;45;2;81;28045002_81_89;2026;3;4;3,1;V;3,1;V;2,4;V;2,4;V;3,4;V;3,5;V;2,7;V;3,4;V;3,6;V;4,9;V;4,3;V;4,2;V;3,9;V;3,6;V;2,6;V;1,7;V;1,8;V;1,5;V;0,5;V;1,1;V;1,9;V;2,0;V;2,5;V;1,5;V
28;45;2;82;28045002_82_89;2026;3;4;46,0;V;45,0;V;49,0;V;47,0;V;46,0;V;50,0;V;54,0;V;51,0;V;51,0;V;57,0;V;57,0;V;55,0;V;58,0;V;61,0;V;69,0;V;77,0;V;160,0;V;203,0;V;211,0;V;49,0;V;51,0;V;61,0;V;59,0;V;284,0;V
28;45;2;83;28045002_83_89;2026;3;4;8,4;V;8,2;V;8,0;V;7,7;V;7,7;V;7,7;V;7,4;V;7,4;V;8,3;V;9,2;V;10,5;V;11,6;V;12,4;V;13,2;V;13,8;V;14,1;V;13,5;V;12,5;V;11,8;V;11,0;V;10,7;V;10,9;V;10,1;V;8,4;V
28;45;2;86;28045002_86_89;2026;3;4;74,0;V;74,0;V;73,0;V;73,0;V;71,0;V;69,0;V;69,0;V;70,0;V;68,0;V;67,0;V;64,0;V;60,0;V;58,0;V;56,0;V;52,0;V;53,0;V;55,0;V;57,0;V;62,0;V;67,0;V;71,0;V;67,0;V;67,0;V;82,0;V
28;45;2;87;28045002_87_89;2026;3;4;916,0;V;915,0;V;915,0;V;915,0;V;915,0;V;915,0;V;915,0;V;915,0;V;915,0;V;915,0;V;915,0;V;915,0;V;915,0;V;914,0;V;914,0;V;914,0;V;914,0;V;914,0;V;915,0;V;915,0;V;915,0;V;915,0;V;915,0;V;915,0;V
28;45;2;88;28045002_88_89;2026;3;4;1,0;V;1,0;V;1,0;V;1,0;V;1,0;V;1,0;V;3,0;V;49,0;V;218,0;V;391,0;V;549,0;V;659,0;V;521,0;V;575,0;V;446,0;V;233,0;V;69,0;V;40,0;V;3,0;V;1,0;V;1,0;V;1,0;V;1,0;V;1,0;V
28;45;2;89;28045002_89_89;2026;3;4;0,0;V;0,0;V;0,0;V;0,0;V;0,0;V;0,0;V;0,0;V;0,0;V;0,0;V;0,0;V;0,0;V;0,0;V;0,0;V;0,0;V;0,0;V;0,0;V;0,0;V;0,0;V;0,0;V;0,0;V;0,0;V;0,0;V;0,6;V;0,2;V
28;47;2;81;28047002_81_89;2026;3;4;1,4;V;1,4;V;1,5;V;0,8;V;0,6;V;0,8;V;0,5;V;0,9;V;1,2;V;1,4;V;1,8;V;2,7;V;2,3;V;2,2;V;2,1;V;2,2;V;1,3;V;1,1;V;0,7;V;0,5;V;1,8;V;1,9;V;1,3;V;1,9;V
28;47;2;82;28047002_82_89;2026;3;4;62,0;V;42,0;V;52,0;V;54,0;V;255,0;V;216,0;V;162,0;V;64,0;V;49,0;V;92,0;V;57,0;V;57,0;V;56,0;V;61,0;V;66,0;V;93,0;V;142,0;V;163,0;V;160,0;V;32,0;V;40,0;V;36,0;V;72,0;V;41,0;V
28;47;2;83;28047002_83_89;2026;3;4;9,3;V;9,0;V;8,7;V;8,3;V;7,7;V;6,4;V;5,7;V;5,9;V;8,3;V;10,9;V;12,1;V;13,3;V;14,4;V;14,2;V;14,9;V;14,7;V;13,9;V;12,6;V;11,8;V;11,3;V;10,8;V;11,0;V;11,2;V;8,7;V
28;47;2;86;28047002_86_89;2026;3;4;67,0;V;68,0;V;68,0;V;69,0;V;71,0;V;74,0;V;77,0;V;75,0;V;66,0;V;56,0;V;55,0;V;52,0;V;48,0;V;50,0;V;48,0;V;47,0;V;50,0;V;57,0;V;62,0;V;65,0;V;68,0;V;69,0;V;65,0;V;83,0;V
28;47;2;87;28047002_87_89;2026;3;4;918,0;V;918,0;V;917,0;V;917,0;V;917,0;V;917,0;V;917,0;V;918,0;V;917,0;V;917,0;V;917,0;V;916,0;V;916,0;V;915,0;V;915,0;V;915,0;V;915,0;V;915,0;V;916,0;V;916,0;V;916,0;V;916,0;V;916,0;V;917,0;V
28;47;2;88;28047002_88_89;2026;3;4;0,0;V;0,0;V;0,0;V;0,0;V;0,0;V;0,0;V;1,0;V;52,0;V;133,0;V;337,0;V;543,0;V;626,0;V;590,0;V;410,0;V;423,0;V;259,0;V;49,0;V;38,0;V;1,0;V;0,0;V;0,0;V;0,0;V;0,0;V;0,0;V
28;47;2;89;28047002_89_89;2026;3;4;0,0;V;0,0;V;0,0;V;0,0;V;0,0;V;0,0;V;0,0;V;0,0;V;0,0;V;0,0;V;0,0;V;0,0;V;0,0;V;0,0;V;0,0;V;0,0;V;0,0;V;0,0;V;0,0;V;0,0;V;0,0;V;0,0;V;0,0;V;1,4;V
28;49;3;81;28049003_81_89;2026;3;4;0,7;V;0,4;V;0,4;V;0,5;V;0,7;V;0,5;V;0,4;V;0,7;V;1,1;V;2,0;V;1,8;V;1,7;V;1,3;V;1,2;V;1,1;V;1,3;V;1,2;V;1,2;V;0,5;V;0,9;V;1,6;V;1,0;V;0,9;V;1,0;V
28;49;3;82;28049003_82_89;2026;3;4;11,0;V;8,0;V;336,0;V;314,0;V;30,0;V;27,0;V;343,0;V;54,0;V;51,0;V;58,0;V;59,0;V;63,0;V;71,0;V;80,0;V;104,0;V;153,0;V;195,0;V;189,0;V;298,0;V;74,0;V;59,0;V;48,0;V;338,0;V;149,0;V
28;49;3;83;28049003_83_89;2026;3;4;9,7;V;9,1;V;8,5;V;8,3;V;8,2;V;8,0;V;7,3;V;7,8;V;9,2;V;10,8;V;12,9;V;15,0;V;16,5;V;18,0;V;17,8;V;16,5;V;15,6;V;14,6;V;13,8;V;13,5;V;12,4;V;12,0;V;11,8;V;11,5;V
28;49;3;86;28049003_86_89;2026;3;4;72,0;V;75,0;V;76,0;V;76,0;V;74,0;V;74,0;V;74,0;V;75,0;V;70,0;V;63,0;V;54,0;V;47,0;V;42,0;V;37,0;V;38,0;V;43,0;V;49,0;V;57,0;V;61,0;V;63,0;V;68,0;V;71,0;V;74,0;V;74,0;V
28;49;3;87;28049003_87_89;2026;3;4;946,0;V;945,0;V;945,0;V;944,0;V;943,0;V;944,0;V;942,0;V;945,0;V;945,0;V;945,0;V;944,0;V;943,0;V;942,0;V;940,0;V;940,0;V;940,0;V;940,0;V;940,0;V;941,0;V;942,0;V;942,0;V;943,0;V;942,0;V;942,0;V
28;49;3;88;28049003_88_89;2026;3;4;0,0;V;0,0;V;0,0;V;0,0;V;0,0;V;0,0;V;0,0;V;45,0;V;151,0;V;308,0;V;402,0;V;549,0;V;484,0;V;471,0;V;275,0;V;146,0;V;61,0;V;40,0;V;0,0;V;0,0;V;0,0;V;0,0;V;0,0;V;0,0;V
28;49;3;89;28049003_89_89;2026;3;4;0,0;V;0,0;V;0,0;V;0,0;V;0,0;V;0,0;V;0,0;V;0,0;V;0,0;V;0,0;V;0,0;V;0,0;V;0,0;V;0,0;V;0,0;V;0,0;V;0,0;V;0,0;V;0,0;V;0,0;V;0,0;V;0,0;V;0,0;V;0,0;V
28;5;2;81;28005002_81_89;2026;3;4;0,6;V;0,8;V;0,7;V;0,6;V;1,2;V;0,8;V;0,7;V;1,1;V;1,5;V;1,7;V;1,8;V;1,3;V;;N;;N;1,4;V;1,6;V;1,6;V;0,9;V;1,1;V;1,8;V;2,0;V;1,4;V;1,0;V;0,4;V
28;5;2;82;28005002_82_89;2026;3;4;77,0;V;70,0;V;121,0;V;63,0;V;68,0;V;76,0;V;83,0;V;59,0;V;68,0;V;53,0;V;56,0;V;51,0;V;;N;;N;132,0;V;195,0;V;215,0;V;231,0;V;74,0;V;49,0;V;48,0;V;72,0;V;79,0;V;72,0;V
28;5;2;83;28005002_83_89;2026;3;4;9,6;V;9,1;V;8,9;V;8,6;V;8,2;V;7,9;V;7,7;V;7,7;V;8,3;V;10,3;V;12,5;V;14,3;V;;N;;N;17,1;V;16,6;V;15,8;V;15,0;V;14,0;V;12,9;V;12,1;V;11,8;V;11,6;V;11,4;V
28;5;2;86;28005002_86_89;2026;3;4;75,0;V;78,0;V;78,0;V;78,0;V;78,0;V;78,0;V;79,0;V;79,0;V;78,0;V;71,0;V;62,0;V;56,0;V;;N;;N;44,0;V;47,0;V;51,0;V;56,0;V;62,0;V;68,0;V;72,0;V;75,0;V;77,0;V;77,0;V
28;5;2;87;28005002_87_89;2026;3;4;955,0;V;955,0;V;955,0;V;954,0;V;954,0;V;954,0;V;955,0;V;955,0;V;955,0;V;955,0;V;954,0;V;954,0;V;;N;;N;952,0;V;952,0;V;952,0;V;952,0;V;953,0;V;953,0;V;953,0;V;953,0;V;953,0;V;953,0;V
28;5;2;88;28005002_88_89;2026;3;4;0,0;V;0,0;V;0,0;V;0,0;V;0,0;V;0,0;V;1,0;V;53,0;V;102,0;V;344,0;V;454,0;V;486,0;V;;N;;N;243,0;V;123,0;V;63,0;V;29,0;V;0,0;V;0,0;V;0,0;V;0,0;V;0,0;V;0,0;V
28;5;2;89;28005002_89_89;2026;3;4;0,0;V;0,0;V;0,0;V;0,0;V;0,0;V;0,0;V;0,0;V;0,0;V;0,0;V;0,0;V;0,0;V;0,0;V;2,0;V;0,0;V;0,0;V;0,0;V;0,0;V;0,0;V;0,0;V;0,0;V;0,0;V;0,0;V;0,0;V;0,0;V
28;58;4;81;28058004_81_89;2026;3;4;1,1;V;1,1;V;1,1;V;1,3;V;1,7;V;1,5;V;1,7;V;2,0;V;2,6;V;2,7;V;3,2;V;2,8;V;2,9;V;3,0;V;2,7;V;2,8;V;2,2;V;1,4;V;1,1;V;1,7;V;1,2;V;2,0;V;2,1;V;1,3;V
28;58;4;82;28058004_82_89;2026;3;4;136,0;V;248,0;V;77,0;V;134,0;V;90,0;V;94,0;V;118,0;V;187,0;V;124,0;V;123,0;V;154,0;V;119,0;V;95,0;V;83,0;V;116,0;V;168,0;V;170,0;V;133,0;V;144,0;V;218,0;V;66,0;V;76,0;V;65,0;V;88,0;V
28;58;4;83;28058004_83_89;2026;3;4;10,3;V;9,9;V;9,4;V;9,2;V;9,0;V;8,6;V;8,4;V;8,7;V;10,3;V;12,6;V;13,6;V;15,5;V;16,3;V;16,8;V;16,6;V;15,5;V;14,3;V;13,9;V;13,4;V;13,4;V;13,2;V;12,7;V;12,4;V;11,9;V
28;58;4;86;28058004_86_89;2026;3;4;71,0;V;73,0;V;75,0;V;75,0;V;74,0;V;74,0;V;74,0;V;73,0;V;66,0;V;57,0;V;53,0;V;46,0;V;42,0;V;39,0;V;42,0;V;48,0;V;57,0;V;60,0;V;62,0;V;62,0;V;63,0;V;67,0;V;70,0;V;73,0;V
28;58;4;87;28058004_87_89;2026;3;4;940,0;V;939,0;V;939,0;V;939,0;V;939,0;V;939,0;V;939,0;V;939,0;V;939,0;V;939,0;V;939,0;V;938,0;V;937,0;V;937,0;V;936,0;V;937,0;V;937,0;V;937,0;V;937,0;V;937,0;V;937,0;V;938,0;V;937,0;V;938,0;V
28;58;4;88;28058004_88_89;2026;3;4;4,0;V;5,0;V;5,0;V;5,0;V;5,0;V;5,0;V;5,0;V;49,0;V;181,0;V;354,0;V;483,0;V;500,0;V;488,0;V;486,0;V;294,0;V;71,0;V;79,0;V;47,0;V;4,0;V;4,0;V;4,0;V;4,0;V;4,0;V;5,0;V
28;58;4;89;28058004_89_89;2026;3;4;0,0;V;0,0;V;0,0;V;0,0;V;0,0;V;0,0;V;0,0;V;0,0;V;0,0;V;0,0;V;0,0;V;0,0;V;0,0;V;0,0;V;0,0;V;0,0;V;0,0;V;0,0;V;0,0;V;0,0;V;0,0;V;0,0;V;0,0;V;0,0;V
28;6;4;81;28006004_81_89;2026;3;4;0,2;V;0,1;V;0,1;V;0,1;V;0,1;V;0,1;V;0,1;V;0,1;V;0,2;V;0,4;V;0,2;V;1,3;V;0,5;V;0,2;V;0,2;V;1,1;V;2,2;V;1,1;V;0,1;V;0,3;V;0,2;V;0,1;V;0,1;V;0,1;V
28;6;4;82;28006004_82_89;2026;3;4;64,0;V;58,0;V;56,0;V;55,0;V;55,0;V;76,0;V;76,0;V;67,0;V;72,0;V;81,0;V;85,0;V;81,0;V;97,0;V;110,0;V;100,0;V;174,0;V;188,0;V;192,0;V;288,0;V;48,0;V;67,0;V;87,0;V;76,0;V;257,0;V
28;6;4;83;28006004_83_89;2026;3;4;9,9;V;9,5;V;9,3;V;8,9;V;8,7;V;8,5;V;8,5;V;8,3;V;9,3;V;10,7;V;12,3;V;13,6;V;14,9;V;15,8;V;16,0;V;16,1;V;15,1;V;14,4;V;13,8;V;13,0;V;12,1;V;11,7;V;10,9;V;10,2;V
28;6;4;86;28006004_86_89;2026;3;4;71,0;V;73,0;V;73,0;V;72,0;V;71,0;V;71,0;V;70,0;V;71,0;V;69,0;V;64,0;V;57,0;V;52,0;V;49,0;V;43,0;V;44,0;V;44,0;V;48,0;V;53,0;V;58,0;V;63,0;V;69,0;V;72,0;V;77,0;V;80,0;V
28;6;4;87;28006004_87_89;2026;3;4;948,0;V;948,0;V;947,0;V;947,0;V;947,0;V;947,0;V;948,0;V;948,0;V;948,0;V;948,0;V;948,0;V;947,0;V;946,0;V;945,0;V;945,0;V;945,0;V;945,0;V;945,0;V;945,0;V;946,0;V;946,0;V;947,0;V;947,0;V;946,0;V
28;6;4;88;28006004_88_89;2026;3;4;7,0;V;8,0;V;9,0;V;10,0;V;10,0;V;10,0;V;12,0;V;53,0;V;166,0;V;325,0;V;492,0;V;578,0;V;547,0;V;492,0;V;323,0;V;266,0;V;64,0;V;41,0;V;2,0;V;1,0;V;1,0;V;3,0;V;6,0;V;5,0;V
28;6;4;89;28006004_89_89;2026;3;4;0,0;V;0,0;V;0,0;V;0,0;V;0,0;V;0,0;V;0,0;V;0,0;V;0,0;V;0,0;V;0,0;V;0,0;V;0,0;V;0,0;V;0,0;V;0,0;V;0,0;V;0,0;V;0,0;V;0,0;V;0,0;V;0,4;V;0,4;V;0,0;V
28;65;14;81;28065014_81_89;2026;3;4;0,3;V;0,3;V;0,2;V;0,1;V;0,3;V;0,3;V;0,3;V;0,8;V;1,2;V;1,5;V;1,7;V;1,5;V;1,4;V;0,9;V;1,0;V;1,2;V;0,9;V;0,7;V;0,3;V;0,6;V;0,6;V;1,2;V;0,9;V;0,6;V
28;65;14;82;28065014_82_89;2026;3;4;130,0;V;200,0;V;135,0;V;101,0;V;120,0;V;109,0;V;110,0;V;122,0;V;117,0;V;99,0;V;111,0;V;109,0;V;98,0;V;118,0;V;124,0;V;138,0;V;146,0;V;145,0;V;128,0;V;150,0;V;113,0;V;98,0;V;126,0;V;121,0;V
28;65;14;83;28065014_83_89;2026;3;4;10,0;V;9,6;V;9,1;V;8,6;V;8,5;V;8,2;V;8,0;V;8,4;V;9,4;V;10,6;V;12,2;V;13,9;V;15,4;V;16,3;V;16,7;V;15,6;V;14,6;V;13,9;V;13,3;V;13,2;V;13,2;V;12,2;V;11,5;V;11,5;V
28;65;14;86;28065014_86_89;2026;3;4;72,0;V;75,0;V;77,0;V;81,0;V;79,0;V;78,0;V;78,0;V;75,0;V;70,0;V;63,0;V;56,0;V;48,0;V;42,0;V;38,0;V;39,0;V;45,0;V;54,0;V;58,0;V;61,0;V;62,0;V;63,0;V;69,0;V;81,0;V;82,0;V
28;65;14;87;28065014_87_89;2026;3;4;949,0;V;949,0;V;948,0;V;948,0;V;948,0;V;948,0;V;949,0;V;949,0;V;949,0;V;949,0;V;948,0;V;948,0;V;947,0;V;946,0;V;946,0;V;946,0;V;946,0;V;946,0;V;947,0;V;946,0;V;947,0;V;947,0;V;947,0;V;947,0;V
28;65;14;88;28065014_88_89;2026;3;4;0,0;V;0,0;V;0,0;V;0,0;V;0,0;V;0,0;V;0,0;V;43,0;V;149,0;V;348,0;V;478,0;V;514,0;V;507,0;V;485,0;V;295,0;V;67,0;V;62,0;V;35,0;V;0,0;V;0,0;V;0,0;V;0,0;V;0,0;V;0,0;V
28;65;14;89;28065014_89_89;2026;3;4;0,0;V;0,0;V;0,0;V;0,0;V;0,0;V;0,0;V;0,0;V;0,4;V;0,0;V;0,0;V;0,0;V;0,0;V;0,0;V;0,0;V;0,0;V;0,0;V;0,0;V;0,0;V;0,0;V;0,0;V;0,0;V;0,0;V;0,0;V;0,0;V
28;67;1;81;28067001_81_89;2026;3;4;0,2;V;0,3;V;0,2;V;0,2;V;0,3;V;0,3;V;0,3;V;0,3;V;0,2;V;1,7;V;2,3;V;2,2;V;2,2;V;1,9;V;1,8;V;1,6;V;1,6;V;0,6;V;0,4;V;0,5;V;0,2;V;0,7;V;1,3;V;2,3;V
28;67;1;82;28067001_82_89;2026;3;4;352,0;V;352,0;V;352,0;V;354,0;V;307,0;V;337,0;V;332,0;V;335,0;V;127,0;V;105,0;V;114,0;V;110,0;V;123,0;V;122,0;V;124,0;V;137,0;V;166,0;V;152,0;V;333,0;V;322,0;V;238,0;V;267,0;V;120,0;V;299,0;V
28;67;1;83;28067001_83_89;2026;3;4;6,2;V;6,1;V;5,2;V;4,7;V;4,3;V;3,5;V;2,8;V;3,1;V;7,0;V;10,3;V;11,7;V;12,7;V;13,7;V;14,0;V;14,6;V;14,6;V;13,9;V;11,4;V;10,6;V;9,6;V;9,0;V;9,0;V;8,9;V;8,3;V
28;67;1;86;28067001_86_89;2026;3;4;85,0;V;85,0;V;87,0;V;88,0;V;89,0;V;89,0;V;91,0;V;92,0;V;82,0;V;68,0;V;63,0;V;60,0;V;57,0;V;56,0;V;53,0;V;55,0;V;59,0;V;80,0;V;86,0;V;87,0;V;90,0;V;89,0;V;89,0;V;88,0;V
28;67;1;87;28067001_87_89;2026;3;4;922,0;V;922,0;V;921,0;V;921,0;V;920,0;V;921,0;V;921,0;V;921,0;V;921,0;V;921,0;V;921,0;V;921,0;V;920,0;V;919,0;V;919,0;V;918,0;V;918,0;V;919,0;V;919,0;V;920,0;V;920,0;V;920,0;V;921,0;V;920,0;V
28;67;1;88;28067001_88_89;2026;3;4;1,0;V;1,0;V;1,0;V;1,0;V;1,0;V;1,0;V;2,0;V;57,0;V;221,0;V;378,0;V;592,0;V;696,0;V;670,0;V;586,0;V;493,0;V;311,0;V;72,0;V;20,0;V;1,0;V;1,0;V;1,0;V;1,0;V;1,0;V;1,0;V
28;67;1;89;28067001_89_89;2026;3;4;0,0;V;0,0;V;0,0;V;0,0;V;0,0;V;0,0;V;0,0;V;0,0;V;0,0;V;0,0;V;0,0;V;0,0;V;0,0;V;0,0;V;0,0;V;0,0;V;0,3;V;0,1;V;0,0;V;0,0;V;0,0;V;0,0;V;0,8;V;0,4;V
28;7;4;81;28007004_81_89;2026;3;4;1,1;V;1,1;V;1,3;V;1,2;V;1,7;V;1,5;V;1,6;V;2,7;V;2,9;V;2,6;V;2,9;V;2,5;V;2,1;V;2,1;V;2,1;V;2,8;V;2,5;V;1,8;V;1,0;V;1,7;V;1,8;V;1,3;V;2,6;V;1,5;V
28;7;4;82;28007004_82_89;2026;3;4;48,0;V;46,0;V;54,0;V;55,0;V;49,0;V;59,0;V;66,0;V;45,0;V;48,0;V;64,0;V;67,0;V;62,0;V;85,0;V;90,0;V;100,0;V;143,0;V;159,0;V;150,0;V;114,0;V;49,0;V;60,0;V;91,0;V;46,0;V;57,0;V
28;7;4;83;28007004_83_89;2026;3;4;10,8;V;10,3;V;9,9;V;9,8;V;9,8;V;9,5;V;9,4;V;9,4;V;10,2;V;11,7;V;13,0;V;14,6;V;16,2;V;16,9;V;17,0;V;16,2;V;14,9;V;14,3;V;13,8;V;13,7;V;13,4;V;13,3;V;13,0;V;12,2;V
28;7;4;86;28007004_86_89;2026;3;4;77,0;V;79,0;V;82,0;V;81,0;V;79,0;V;77,0;V;77,0;V;75,0;V;71,0;V;62,0;V;57,0;V;50,0;V;43,0;V;41,0;V;41,0;V;47,0;V;57,0;V;62,0;V;65,0;V;66,0;V;68,0;V;69,0;V;74,0;V;78,0;V
28;7;4;87;28007004_87_89;2026;3;4;934,0;V;934,0;V;933,0;V;933,0;V;933,0;V;933,0;V;933,0;V;933,0;V;933,0;V;933,0;V;933,0;V;932,0;V;932,0;V;931,0;V;930,0;V;931,0;V;931,0;V;931,0;V;931,0;V;931,0;V;931,0;V;932,0;V;932,0;V;932,0;V
28;7;4;88;28007004_88_89;2026;3;4;3,0;V;3,0;V;3,0;V;3,0;V;3,0;V;3,0;V;3,0;V;47,0;V;198,0;V;361,0;V;503,0;V;558,0;V;542,0;V;535,0;V;365,0;V;143,0;V;74,0;V;51,0;V;3,0;V;3,0;V;3,0;V;3,0;V;3,0;V;3,0;V
28;7;4;89;28007004_89_89;2026;3;4;0,0;V;0,0;V;0,0;V;0,0;V;0,0;V;0,0;V;0,0;V;0,0;V;0,0;V;0,0;V;0,0;V;0,0;V;0,0;V;0,0;V;0,0;V;0,0;V;0,0;V;0,0;V;0,0;V;0,0;V;0,0;V;0,0;V;0,0;V;0,0;V
28;74;7;81;28074007_81_89;2026;3;4;0,2;V;0,4;V;0,2;V;0,4;V;0,8;V;0,5;V;1,0;V;1,4;V;1,9;V;2,2;V;2,2;V;2,4;V;2,1;V;1,5;V;1,4;V;2,1;V;1,9;V;1,3;V;0,6;V;1,0;V;0,9;V;1,3;V;1,7;V;0,9;V
28;74;7;82;28074007_82_89;2026;3;4;342,0;V;306,0;V;85,0;V;101,0;V;116,0;V;109,0;V;124,0;V;183,0;V;144,0;V;167,0;V;166,0;V;209,0;V;108,0;V;125,0;V;109,0;V;295,0;V;317,0;V;319,0;V;326,0;V;300,0;V;100,0;V;120,0;V;201,0;V;223,0;V
28;74;7;83;28074007_83_89;2026;3;4;11,4;V;10,9;V;11,1;V;10,7;V;10,6;V;10,4;V;10,1;V;10,3;V;11,8;V;13,5;V;15,4;V;16,8;V;18,0;V;19,4;V;19,2;V;17,6;V;16,5;V;15,9;V;15,3;V;14,9;V;14,9;V;14,4;V;13,5;V;13,3;V
28;74;7;86;28074007_86_89;2026;3;4;76,0;V;79,0;V;77,0;V;77,0;V;75,0;V;74,0;V;75,0;V;74,0;V;67,0;V;60,0;V;53,0;V;48,0;V;42,0;V;38,0;V;39,0;V;43,0;V;53,0;V;58,0;V;61,0;V;63,0;V;63,0;V;67,0;V;77,0;V;77,0;V
28;74;7;87;28074007_87_89;2026;3;4;950,0;V;949,0;V;949,0;V;948,0;V;948,0;V;948,0;V;949,0;V;949,0;V;949,0;V;949,0;V;948,0;V;948,0;V;947,0;V;947,0;V;946,0;V;947,0;V;946,0;V;946,0;V;947,0;V;947,0;V;947,0;V;947,0;V;947,0;V;947,0;V
28;74;7;88;28074007_88_89;2026;3;4;5,0;V;5,0;V;5,0;V;5,0;V;5,0;V;5,0;V;5,0;V;45,0;V;171,0;V;331,0;V;448,0;V;485,0;V;464,0;V;456,0;V;309,0;V;97,0;V;67,0;V;46,0;V;4,0;V;4,0;V;4,0;V;5,0;V;5,0;V;5,0;V
28;74;7;89;28074007_89_89;2026;3;4;0,0;V;0,0;V;0,0;V;0,0;V;0,0;V;0,0;V;0,0;V;0,0;V;0,0;V;0,0;V;0,0;V;0,0;V;0,0;V;0,0;V;0,0;V;0,0;V;0,0;V;0,0;V;0,0;V;0,0;V;0,0;V;0,0;V;0,0;V;0,0;V
28;80;3;81;28080003_81_89;2026;3;4;1,9;V;1,9;V;2,2;V;2,3;V;2,5;V;2,3;V;2,5;V;2,8;V;3,4;V;3,7;V;4,1;V;3,8;V;3,3;V;2,7;V;2,4;V;2,9;V;2,3;V;1,8;V;0,9;V;2,0;V;2,9;V;2,6;V;2,4;V;3,2;V
28;80;3;82;28080003_82_89;2026;3;4;62,0;V;60,0;V;65,0;V;61,0;V;65,0;V;64,0;V;65,0;V;61,0;V;69,0;V;68,0;V;73,0;V;73,0;V;72,0;V;80,0;V;105,0;V;159,0;V;188,0;V;194,0;V;249,0;V;142,0;V;84,0;V;73,0;V;86,0;V;163,0;V
28;80;3;83;28080003_83_89;2026;3;4;9,1;V;8,8;V;8,5;V;8,3;V;8,1;V;7,9;V;7,9;V;7,7;V;8,7;V;10,0;V;11,2;V;12,6;V;13,9;V;14,8;V;15,4;V;15,1;V;14,0;V;13,1;V;12,3;V;12,3;V;11,9;V;11,2;V;10,8;V;10,1;V
28;80;3;86;28080003_86_89;2026;3;4;74,0;V;75,0;V;76,0;V;75,0;V;74,0;V;73,0;V;73,0;V;74,0;V;71,0;V;67,0;V;63,0;V;58,0;V;53,0;V;51,0;V;47,0;V;50,0;V;55,0;V;62,0;V;66,0;V;68,0;V;69,0;V;72,0;V;76,0;V;79,0;V
28;80;3;87;28080003_87_89;2026;3;4;936,0;V;936,0;V;936,0;V;935,0;V;935,0;V;935,0;V;936,0;V;936,0;V;936,0;V;936,0;V;936,0;V;935,0;V;934,0;V;934,0;V;933,0;V;933,0;V;933,0;V;933,0;V;934,0;V;934,0;V;934,0;V;934,0;V;935,0;V;934,0;V
28;80;3;88;28080003_88_89;2026;3;4;1,0;V;1,0;V;1,0;V;1,0;V;1,0;V;1,0;V;1,0;V;42,0;V;213,0;V;375,0;V;508,0;V;557,0;V;549,0;V;500,0;V;320,0;V;135,0;V;56,0;V;43,0;V;1,0;V;1,0;V;1,0;V;1,0;V;1,0;V;1,0;V
28;80;3;89;28080003_89_89;2026;3;4;0,0;V;0,0;V;0,0;V;0,0;V;0,0;V;0,0;V;0,0;V;0,0;V;0,0;V;0,0;V;0,0;V;0,0;V;0,0;V;0,0;V;0,0;V;0,0;V;0,0;V;0,0;V;0,0;V;0,0;V;0,0;V;0,0;V;0,0;V;0,0;V
28;9;1;81;28009001_81_89;2026;3;4;2,8;V;2,3;V;2,3;V;3,0;V;2,6;V;2,2;V;1,7;V;2,1;V;3,1;V;4,3;V;3,7;V;3,3;V;3,3;V;2,7;V;2,7;V;2,0;V;3,1;V;1,3;V;1,4;V;3,0;V;3,6;V;3,3;V;2,8;V;2,8;V
28;9;1;82;28009001_82_89;2026;3;4;66,0;V;75,0;V;86,0;V;78,0;V;57,0;V;92,0;V;59,0;V;56,0;V;66,0;V;68,0;V;64,0;V;65,0;V;77,0;V;78,0;V;73,0;V;101,0;V;180,0;V;180,0;V;75,0;V;67,0;V;67,0;V;84,0;V;55,0;V;99,0;V
28;9;1;83;28009001_83_89;2026;3;4;9,2;V;8,8;V;8,5;V;8,1;V;7,8;V;7,7;V;7,4;V;7,2;V;8,6;V;9,7;V;11,3;V;12,9;V;14,4;V;15,0;V;15,4;V;15,5;V;14,6;V;13,9;V;12,8;V;11,3;V;10,8;V;11,1;V;10,0;V;9,6;V
28;9;1;86;28009001_86_89;2026;3;4;71,0;V;71,0;V;72,0;V;72,0;V;72,0;V;72,0;V;72,0;V;73,0;V;74,0;V;73,0;V;70,0;V;65,0;V;59,0;V;51,0;V;49,0;V;50,0;V;49,0;V;51,0;V;54,0;V;60,0;V;66,0;V;68,0;V;69,0;V;72,0;V
28;9;1;87;28009001_87_89;2026;3;4;936,0;V;935,0;V;935,0;V;934,0;V;934,0;V;934,0;V;935,0;V;935,0;V;935,0;V;935,0;V;935,0;V;934,0;V;933,0;V;933,0;V;932,0;V;932,0;V;932,0;V;933,0;V;933,0;V;933,0;V;933,0;V;934,0;V;934,0;V;933,0;V
28;9;1;88;28009001_88_89;2026;3;4;0,0;V;0,0;V;0,0;V;0,0;V;0,0;V;0,0;V;1,0;V;49,0;V;205,0;V;351,0;V;521,0;V;584,0;V;585,0;V;509,0;V;383,0;V;229,0;V;62,0;V;37,0;V;1,0;V;0,0;V;0,0;V;0,0;V;0,0;V;0,0;V
28;9;1;89;28009001_89_89;2026;3;4;0,0;V;0,0;V;0,0;V;0,0;V;0,0;V;0,0;V;0,0;V;0,0;V;0,0;V;0,0;V;0,0;V;0,0;V;0,0;V;0,0;V;0,0;V;0,0;V;0,0;V;0,0;V;0,0;V;0,0;V;0,0;V;0,0;V;0,0;V;0,0;V
28;92;5;81;28092005_81_89;2026;3;4;0,3;V;0,4;V;0,2;V;0,2;V;0,4;V;0,4;V;0,4;V;1,0;V;1,3;V;1,5;V;2,0;V;1,4;V;1,3;V;1,4;V;1,3;V;3,0;V;2,4;V;1,7;V;1,1;V;1,5;V;1,3;V;1,1;V;0,8;V;0,9;V
28;92;5;82;28092005_82_89;2026;3;4;61,0;V;38,0;V;68,0;V;69,0;V;54,0;V;59,0;V;61,0;V;44,0;V;44,0;V;45,0;V;42,0;V;46,0;V;65,0;V;78,0;V;83,0;V;163,0;V;162,0;V;150,0;V;122,0;V;22,0;V;32,0;V;107,0;V;45,0;V;58,0;V
28;92;5;83;28092005_83_89;2026;3;4;10,6;V;10,1;V;9,6;V;9,0;V;9,1;V;9,1;V;9,1;V;9,4;V;11,2;V;13,2;V;15,3;V;17,4;V;18,1;V;18,5;V;18,3;V;16,5;V;15,3;V;14,6;V;14,0;V;14,1;V;13,8;V;13,5;V;13,5;V;12,8;V
28;92;5;86;28092005_86_89;2026;3;4;74,0;V;76,0;V;79,0;V;82,0;V;79,0;V;76,0;V;76,0;V;73,0;V;66,0;V;58,0;V;51,0;V;44,0;V;41,0;V;38,0;V;38,0;V;46,0;V;56,0;V;61,0;V;63,0;V;64,0;V;65,0;V;66,0;V;67,0;V;70,0;V
28;92;5;87;28092005_87_89;2026;3;4;941,0;V;940,0;V;939,0;V;939,0;V;939,0;V;939,0;V;939,0;V;939,0;V;939,0;V;939,0;V;939,0;V;938,0;V;937,0;V;937,0;V;936,0;V;936,0;V;937,0;V;937,0;V;937,0;V;937,0;V;937,0;V;938,0;V;937,0;V;938,0;V
28;92;5;88;28092005_88_89;2026;3;4;2,0;V;2,0;V;2,0;V;2,0;V;2,0;V;2,0;V;3,0;V;48,0;V;211,0;V;376,0;V;517,0;V;558,0;V;498,0;V;527,0;V;363,0;V;122,0;V;85,0;V;52,0;V;2,0;V;2,0;V;2,0;V;2,0;V;2,0;V;2,0;V
28;92;5;89;28092005_89_89;2026;3;4;0,0;V;0,0;V;0,0;V;0,0;V;0,0;V;0,0;V;0,0;V;0,0;V;0,0;V;0,0;V;0,0;V;0,0;V;0,0;V;0,0;V;0,0;V;0,0;V;0,0;V;0,0;V;0,0;V;0,0;V;0,0;V;0,0;V;0,0;V;0,0;V
28;102;1;81;28102001_81_89;2026;3;5;1,4;V;1,2;V;1,2;V;1,2;V;0,4;V;0,3;V;0,6;V;0,8;V;0,7;V;0,8;V;1,4;V;1,4;V;2,1;V;1,9;V;2,0;V;2,0;V;1,2;V;1,1;V;0,5;V;0,9;V;1,4;V;0,8;V;1,1;V;1,4;V
28;102;1;82;28102001_82_89;2026;3;5;293,0;V;298,0;V;317,0;V;333,0;V;56,0;V;57,0;V;41,0;V;28,0;V;28,0;V;66,0;V;69,0;V;61,0;V;309,0;V;292,0;V;18,0;V;50,0;V;41,0;V;94,0;V;93,0;V;79,0;V;82,0;V;50,0;V;58,0;V;54,0;V
28;102;1;83;28102001_83_89;2026;3;5;9,6;V;9,6;V;9,9;V;9,7;V;8,8;V;8,1;V;7,4;V;7,6;V;8,7;V;11,2;V;12,5;V;13,4;V;14,0;V;14,5;V;14,6;V;13,6;V;12,4;V;12,0;V;10,8;V;10,5;V;9,7;V;8,4;V;8,1;V;7,9;V
28;102;1;86;28102001_86_89;2026;3;5;87,0;V;89,0;V;85,0;V;87,0;V;92,0;V;95,0;V;98,0;V;97,0;V;92,0;V;82,0;V;69,0;V;63,0;V;58,0;V;56,0;V;54,0;V;62,0;V;69,0;V;76,0;V;83,0;V;87,0;V;88,0;V;96,0;V;99,0;V;100,0;V
28;102;1;87;28102001_87_89;2026;3;5;923,0;V;922,0;V;921,0;V;921,0;V;921,0;V;922,0;V;922,0;V;922,0;V;922,0;V;921,0;V;921,0;V;921,0;V;920,0;V;919,0;V;918,0;V;917,0;V;917,0;V;917,0;V;918,0;V;918,0;V;918,0;V;918,0;V;918,0;V;918,0;V
28;102;1;88;28102001_88_89;2026;3;5;0,0;V;0,0;V;0,0;V;0,0;V;0,0;V;0,0;V;3,0;V;39,0;V;101,0;V;342,0;V;317,0;V;433,0;V;504,0;V;428,0;V;242,0;V;148,0;V;58,0;V;22,0;V;1,0;V;0,0;V;0,0;V;0,0;V;0,0;V;0,0;V
28;102;1;89;28102001_89_89;2026;3;5;0,0;V;0,0;V;0,0;V;0,0;V;0,0;V;0,0;V;0,0;V;0,0;V;0,0;V;0,0;V;0,0;V;0,0;V;0,0;V;0,0;V;0,0;V;0,0;V;0,0;V;0,0;V;0,0;V;0,0;V;0,0;V;0,2;V;0,2;V;0,4;V
28;106;1;81;28106001_81_89;2026;3;5;0,4;V;0,4;V;0,4;V;0,8;V;0,4;V;0,4;V;0,3;V;0,6;V;1,3;V;1,6;V;1,4;V;1,2;V;1,3;V;2,0;V;2,3;V;2,7;V;2,5;V;1,6;V;1,0;V;0,6;V;0,3;V;0,5;V;0,9;V;2,9;V
28;106;1;82;28106001_82_89;2026;3;5;110,0;V;11,0;V;305,0;V;315,0;V;277,0;V;300,0;V;325,0;V;4,0;V;22,0;V;356,0;V;343,0;V;293,0;V;281,0;V;264,0;V;259,0;V;275,0;V;270,0;V;340,0;V;122,0;V;79,0;V;47,0;V;86,0;V;28,0;V;32,0;V
28;106;1;83;28106001_83_89;2026;3;5;11,9;V;11,4;V;10,8;V;10,2;V;9,8;V;9,8;V;9,8;V;9,7;V;10,5;V;11,5;V;13,2;V;14,9;V;15,6;V;16,5;V;16,6;V;15,5;V;14,5;V;13,2;V;11,9;V;10,8;V;9,8;V;9,8;V;9,8;V;9,5;V
28;106;1;86;28106001_86_89;2026;3;5;81,0;V;88,0;V;98,0;V;99,0;V;99,0;V;99,0;V;99,0;V;99,0;V;95,0;V;86,0;V;71,0;V;62,0;V;57,0;V;56,0;V;57,0;V;60,0;V;63,0;V;74,0;V;94,0;V;99,0;V;99,0;V;99,0;V;99,0;V;99,0;V
28;106;1;87;28106001_87_89;2026;3;5;939,0;V;938,0;V;938,0;V;937,0;V;938,0;V;938,0;V;938,0;V;938,0;V;938,0;V;938,0;V;937,0;V;937,0;V;937,0;V;935,0;V;934,0;V;934,0;V;933,0;V;934,0;V;934,0;V;935,0;V;935,0;V;935,0;V;935,0;V;935,0;V
28;106;1;88;28106001_88_89;2026;3;5;1,0;V;1,0;V;1,0;V;1,0;V;1,0;V;1,0;V;2,0;V;38,0;V;101,0;V;284,0;V;506,0;V;545,0;V;447,0;V;598,0;V;373,0;V;245,0;V;192,0;V;31,0;V;1,0;V;1,0;V;1,0;V;1,0;V;1,0;V;1,0;V
28;106;1;89;28106001_89_89;2026;3;5;0,0;V;0,0;V;1,5;V;0,0;V;0,0;V;0,0;V;0,0;V;0,0;V;0,0;V;0,0;V;0,0;V;0,0;V;0,0;V;0,0;V;0,0;V;0,0;V;0,0;V;0,0;V;0,2;V;3,3;V;3,0;V;0,4;V;0,6;V;1,2;V
28;115;3;81;28115003_81_89;2026;3;5;0,1;V;0,1;V;0,1;V;0,1;V;0,2;V;0,2;V;0,1;V;0,1;V;0,3;V;0,5;V;0,6;V;0,4;V;0,5;V;0,4;V;0,7;V;0,5;V;0,9;V;0,2;V;0,3;V;0,4;V;0,2;V;0,5;V;0,5;V;0,4;V
28;115;3;82;28115003_82_89;2026;3;5;96,0;V;209,0;V;194,0;V;180,0;V;5,0;V;340,0;V;302,0;V;322,0;V;33,0;V;20,0;V;346,0;V;9,0;V;218,0;V;321,0;V;279,0;V;249,0;V;299,0;V;186,0;V;141,0;V;70,0;V;47,0;V;23,0;V;24,0;V;359,0;V
28;115;3;83;28115003_83_89;2026;3;5;9,5;V;8,9;V;8,1;V;7,3;V;7,7;V;8,2;V;8,2;V;8,6;V;10,3;V;11,7;V;13,6;V;14,9;V;15,9;V;16,1;V;15,2;V;13,9;V;13,2;V;12,9;V;12,3;V;10,3;V;9,3;V;9,2;V;8,6;V;8,2;V
28;115;3;86;28115003_86_89;2026;3;5;98,0;V;99,0;V;99,0;V;99,0;V;99,0;V;99,0;V;99,0;V;97,0;V;85,0;V;78,0;V;69,0;V;61,0;V;54,0;V;53,0;V;56,0;V;61,0;V;72,0;V;73,0;V;78,0;V;98,0;V;99,0;V;99,0;V;99,0;V;99,0;V
28;115;3;87;28115003_87_89;2026;3;5;939,0;V;939,0;V;938,0;V;938,0;V;938,0;V;938,0;V;939,0;V;939,0;V;939,0;V;938,0;V;938,0;V;938,0;V;937,0;V;935,0;V;935,0;V;934,0;V;934,0;V;934,0;V;934,0;V;935,0;V;935,0;V;935,0;V;935,0;V;935,0;V
28;115;3;88;28115003_88_89;2026;3;5;1,0;V;1,0;V;1,0;V;1,0;V;1,0;V;1,0;V;2,0;V;44,0;V;105,0;V;174,0;V;294,0;V;466,0;V;557,0;V;369,0;V;161,0;V;148,0;V;74,0;V;21,0;V;1,0;V;1,0;V;1,0;V;1,0;V;1,0;V;1,0;V
28;115;3;89;28115003_89_89;2026;3;5;0,0;V;0,0;V;0,0;V;0,0;V;0,0;V;0,0;V;0,0;V;0,0;V;0,0;V;0,0;V;0,0;V;0,0;V;0,0;V;0,0;V;0,0;V;0,0;V;0,0;V;0,0;V;0,2;V;0,6;V;0,2;V;0,2;V;0,4;V;0,4;V
28;120;1;81;28120001_81_89;2026;3;5;1,0;V;2,0;V;2,0;V;1,8;V;1,1;V;0,6;V;0,7;V;0,8;V;0,8;V;1,5;V;1,5;V;1,2;V;1,6;V;1,7;V;1,4;V;1,2;V;1,0;V;0,9;V;1,0;V;0,6;V;1,0;V;0,4;V;0,5;V;0,7;V
28;120;1;82;28120001_82_89;2026;3;5;357,0;V;84,0;V;78,0;V;51,0;V;43,0;V;86,0;V;47,0;V;34,0;V;159,0;V;205,0;V;195,0;V;196,0;V;221,0;V;224,0;V;239,0;V;231,0;V;221,0;V;237,0;V;162,0;V;311,0;V;239,0;V;8,0;V;64,0;V;118,0;V
28;120;1;83;28120001_83_89;2026;3;5;1,6;V;1,9;V;2,0;V;1,7;V;1,3;V;1,3;V;1,3;V;1,6;V;3,1;V;3,7;V;4,3;V;5,3;V;4,9;V;5,1;V;4,8;V;4,5;V;4,6;V;4,4;V;2,9;V;2,8;V;2,6;V;0,5;V;0,2;V;0,0;V
28;120;1;86;28120001_86_89;2026;3;5;99,0;V;95,0;V;92,0;V;93,0;V;96,0;V;99,0;V;99,0;V;99,0;V;93,0;V;92,0;V;87,0;V;79,0;V;82,0;V;82,0;V;83,0;V;86,0;V;86,0;V;83,0;V;90,0;V;91,0;V;98,0;V;99,0;V;99,0;V;99,0;V
28;120;1;87;28120001_87_89;2026;3;5;810,0;V;809,0;V;809,0;V;808,0;V;808,0;V;809,0;V;809,0;V;809,0;V;809,0;V;809,0;V;809,0;V;809,0;V;808,0;V;807,0;V;807,0;V;806,0;V;806,0;V;806,0;V;806,0;V;806,0;V;806,0;V;806,0;V;806,0;V;805,0;V
28;120;1;88;28120001_88_89;2026;3;5;1,0;V;1,0;V;1,0;V;1,0;V;1,0;V;1,0;V;2,0;V;67,0;V;256,0;V;402,0;V;403,0;V;519,0;V;330,0;V;437,0;V;265,0;V;170,0;V;126,0;V;66,0;V;2,0;V;1,0;V;1,0;V;1,0;V;1,0;V;1,0;V
28;120;1;89;28120001_89_89;2026;3;5;0,0;V;0,0;V;0,0;V;0,0;V;0,0;V;0,0;V;0,0;V;0,0;V;0,0;V;0,0;V;0,0;V;0,0;V;0,0;V;0,0;V;0,0;V;0,0;V;0,0;V;0,0;V;0,0;V;0,0;V;0,0;V;0,0;V;0,0;V;0,0;V
28;123;2;81;28123002_81_89;2026;3;5;0,6;V;0,4;V;0,3;V;0,3;V;1,1;V;0,9;V;0,7;V;0,8;V;1,5;V;1,8;V;1,6;V;1,3;V;1,4;V;1,7;V;1,8;V;1,5;V;1,9;V;1,0;V;0,8;V;1,0;V;0,5;V;0,6;V;0,8;V;1,6;V
28;123;2;82;28123002_82_89;2026;3;5;150,0;V;41,0;V;40,0;V;60,0;V;127,0;V;125,0;V;111,0;V;129,0;V;75,0;V;76,0;V;55,0;V;11,0;V;284,0;V;272,0;V;276,0;V;296,0;V;45,0;V;221,0;V;156,0;V;221,0;V;265,0;V;109,0;V;62,0;V;65,0;V
28;123;2;83;28123002_83_89;2026;3;5;6,9;V;6,5;V;6,1;V;5,4;V;5,6;V;5,0;V;4,2;V;4,4;V;6,0;V;8,3;V;11,2;V;13,7;V;15,0;V;15,3;V;15,5;V;14,6;V;11,8;V;7,0;V;6,8;V;5,7;V;5,4;V;5,4;V;5,4;V;4,5;V
28;123;2;86;28123002_86_89;2026;3;5;77,0;V;79,0;V;81,0;V;84,0;V;81,0;V;81,0;V;83,0;V;83,0;V;75,0;V;65,0;V;56,0;V;46,0;V;39,0;V;38,0;V;38,0;V;39,0;V;54,0;V;85,0;V;89,0;V;93,0;V;96,0;V;97,0;V;97,0;V;96,0;V
28;123;2;87;28123002_87_89;2026;3;5;945,0;V;945,0;V;944,0;V;944,0;V;944,0;V;944,0;V;944,0;V;945,0;V;945,0;V;944,0;V;944,0;V;944,0;V;943,0;V;942,0;V;941,0;V;940,0;V;940,0;V;940,0;V;940,0;V;941,0;V;941,0;V;941,0;V;941,0;V;941,0;V
28;123;2;88;28123002_88_89;2026;3;5;15,0;V;15,0;V;15,0;V;15,0;V;15,0;V;15,0;V;15,0;V;62,0;V;193,0;V;391,0;V;533,0;V;579,0;V;582,0;V;538,0;V;449,0;V;229,0;V;65,0;V;20,0;V;15,0;V;16,0;V;16,0;V;16,0;V;16,0;V;16,0;V
28;123;2;89;28123002_89_89;2026;3;5;0,0;V;0,0;V;0,0;V;0,0;V;0,0;V;0,0;V;0,0;V;0,0;V;0,0;V;0,0;V;0,0;V;0,0;V;0,0;V;0,0;V;0,0;V;0,0;V;1,4;V;0,6;V;2,0;V;12,6;V;1,2;V;0,2;V;0,2;V;0,6;V
28;127;4;81;28127004_81_89;2026;3;5;0,3;V;0,2;V;0,2;V;0,7;V;0,9;V;1,3;V;0,8;V;0,1;V;0,3;V;0,7;V;0,7;V;0,7;V;0,7;V;1,4;V;1,1;V;1,3;V;0,8;V;0,6;V;0,4;V;0,8;V;1,0;V;2,1;V;2,6;V;2,1;V
28;127;4;82;28127004_82_89;2026;3;5;269,0;V;187,0;V;17,0;V;26,0;V;21,0;V;25,0;V;24,0;V;359,0;V;29,0;V;23,0;V;357,0;V;319,0;V;200,0;V;275,0;V;230,0;V;275,0;V;8,0;V;204,0;V;127,0;V;112,0;V;31,0;V;38,0;V;29,0;V;27,0;V
28;127;4;83;28127004_83_89;2026;3;5;9,6;V;9,1;V;8,6;V;8,0;V;8,1;V;8,3;V;8,7;V;9,2;V;9,9;V;11,3;V;12,9;V;14,3;V;15,3;V;15,0;V;13,7;V;13,3;V;13,5;V;12,8;V;12,1;V;10,8;V;9,3;V;9,0;V;8,2;V;7,8;V
28;127;4;86;28127004_86_89;2026;3;5;86,0;V;87,0;V;89,0;V;91,0;V;92,0;V;91,0;V;88,0;V;84,0;V;81,0;V;74,0;V;66,0;V;57,0;V;52,0;V;52,0;V;57,0;V;62,0;V;57,0;V;68,0;V;76,0;V;79,0;V;88,0;V;92,0;V;94,0;V;95,0;V
28;127;4;87;28127004_87_89;2026;3;5;931,0;V;931,0;V;931,0;V;930,0;V;931,0;V;931,0;V;931,0;V;931,0;V;931,0;V;931,0;V;930,0;V;930,0;V;929,0;V;928,0;V;927,0;V;927,0;V;926,0;V;926,0;V;926,0;V;927,0;V;928,0;V;928,0;V;928,0;V;928,0;V
28;127;4;88;28127004_88_89;2026;3;5;1,0;V;1,0;V;1,0;V;1,0;V;1,0;V;1,0;V;2,0;V;51,0;V;161,0;V;392,0;V;521,0;V;564,0;V;590,0;V;325,0;V;297,0;V;199,0;V;91,0;V;27,0;V;1,0;V;1,0;V;1,0;V;1,0;V;1,0;V;1,0;V
28;127;4;89;28127004_89_89;2026;3;5;0,0;V;0,0;V;0,0;V;0,0;V;0,0;V;0,0;V;0,0;V;0,0;V;0,0;V;0,0;V;0,0;V;0,0;V;0,0;V;0,0;V;0,0;V;0,0;V;0,6;V;0,2;V;0,0;V;2,2;V;2,6;V;0,4;V;2,2;V;2,2;V
28;13;2;81;28013002_81_89;2026;3;5;0,3;V;0,4;V;0,1;V;0,1;V;0,1;V;0,2;V;0,1;V;0,1;V;0,5;V;1,0;V;1,3;V;1,1;V;1,5;V;1,8;V;2,5;V;2,6;V;2,4;V;2,7;V;1,7;V;0,6;V;0,5;V;0,7;V;0,2;V;0,3;V
28;13;2;82;28013002_82_89;2026;3;5;77,0;V;104,0;V;109,0;V;220,0;V;49,0;V;41,0;V;238,0;V;68,0;V;28,0;V;34,0;V;306,0;V;265,0;V;274,0;V;279,0;V;287,0;V;292,0;V;282,0;V;2,0;V;68,0;V;54,0;V;46,0;V;78,0;V;71,0;V;34,0;V
28;13;2;83;28013002_83_89;2026;3;5;11,4;V;11,1;V;11,1;V;11,1;V;11,0;V;10,7;V;10,3;V;10,3;V;10,7;V;11,5;V;12,9;V;14,2;V;15,4;V;16,7;V;17,2;V;17,1;V;16,5;V;15,0;V;11,7;V;10,8;V;10,2;V;9,9;V;9,9;V;9,8;V
28;13;2;86;28013002_86_89;2026;3;5;84,0;V;86,0;V;87,0;V;89,0;V;92,0;V;92,0;V;94,0;V;93,0;V;88,0;V;82,0;V;77,0;V;72,0;V;67,0;V;59,0;V;57,0;V;60,0;V;59,0;V;63,0;V;86,0;V;94,0;V;97,0;V;97,0;V;97,0;V;98,0;V
28;13;2;87;28013002_87_89;2026;3;5;955,0;V;955,0;V;954,0;V;954,0;V;954,0;V;954,0;V;954,0;V;955,0;V;955,0;V;954,0;V;954,0;V;954,0;V;953,0;V;951,0;V;950,0;V;949,0;V;949,0;V;950,0;V;950,0;V;951,0;V;951,0;V;951,0;V;951,0;V;951,0;V
28;13;2;88;28013002_88_89;2026;3;5;0,0;V;0,0;V;0,0;V;0,0;V;0,0;V;0,0;V;0,0;V;22,0;V;102,0;V;252,0;V;406,0;V;341,0;V;499,0;V;513,0;V;508,0;V;206,0;V;165,0;V;43,0;V;0,0;V;0,0;V;0,0;V;0,0;V;0,0;V;0,0;V
28;13;2;89;28013002_89_89;2026;3;5;0,0;V;0,0;V;0,0;V;0,2;V;0,2;V;0,2;V;0,0;V;0,0;V;0,0;V;0,0;V;0,0;V;0,0;V;0,0;V;0,0;V;0,0;V;0,0;V;0,0;V;0,0;V;3,8;V;5,6;V;3,0;V;2,8;V;0,6;V;1,0;V
28;133;2;81;28133002_81_89;2026;3;5;0,7;V;0,2;V;0,8;V;0,4;V;1,1;V;0,8;V;0,2;V;0,4;V;0,2;V;0,3;V;0,7;V;1,0;V;2,1;V;2,5;V;1,4;V;2,3;V;2,2;V;1,9;V;2,6;V;1,9;V;1,8;V;1,2;V;2,6;V;1,5;V
28;133;2;82;28133002_82_89;2026;3;5;292,0;V;281,0;V;289,0;V;291,0;V;262,0;V;274,0;V;115,0;V;250,0;V;189,0;V;172,0;V;263,0;V;221,0;V;248,0;V;266,0;V;193,0;V;268,0;V;276,0;V;275,0;V;288,0;V;291,0;V;308,0;V;14,0;V;331,0;V;307,0;V
28;133;2;83;28133002_83_89;2026;3;5;9,4;V;8,9;V;8,6;V;8,4;V;7,9;V;7,9;V;7,6;V;7,3;V;9,2;V;9,4;V;11,3;V;13,0;V;15,0;V;14,4;V;11,1;V;12,1;V;13,6;V;13,3;V;12,1;V;11,3;V;10,8;V;9,0;V;7,9;V;7,6;V
28;133;2;86;28133002_86_89;2026;3;5;96,0;V;99,0;V;99,0;V;100,0;V;100,0;V;100,0;V;100,0;V;100,0;V;100,0;V;98,0;V;79,0;V;67,0;V;56,0;V;56,0;V;89,0;V;76,0;V;57,0;V;56,0;V;61,0;V;62,0;V;68,0;V;100,0;V;100,0;V;100,0;V
28;133;2;87;28133002_87_89;2026;3;5;935,0;V;934,0;V;934,0;V;933,0;V;933,0;V;934,0;V;934,0;V;934,0;V;934,0;V;934,0;V;933,0;V;933,0;V;932,0;V;931,0;V;930,0;V;929,0;V;929,0;V;929,0;V;929,0;V;929,0;V;930,0;V;930,0;V;931,0;V;930,0;V
28;133;2;88;28133002_88_89;2026;3;5;5,0;V;5,0;V;5,0;V;6,0;V;5,0;V;4,0;V;5,0;V;44,0;V;192,0;V;222,0;V;284,0;V;488,0;V;560,0;V;172,0;V;40,0;V;158,0;V;131,0;V;54,0;V;3,0;V;3,0;V;3,0;V;4,0;V;4,0;V;4,0;V
28;133;2;89;28133002_89_89;2026;3;5;0,0;V;0,0;V;0,0;V;0,0;V;0,4;V;0,0;V;0,0;V;0,0;V;0,0;V;0,0;V;0,0;V;0,0;V;0,0;V;0,8;V;2,0;V;0,2;V;0,0;V;0,0;V;0,0;V;0,0;V;1,2;V;2,8;V;2,2;V;0,4;V
28;134;2;81;28134002_81_89;2026;3;5;0,1;V;0,2;V;0,1;V;0,1;V;0,1;V;0,1;V;0,1;V;0,1;V;0,5;V;0,8;V;0,6;V;0,5;V;0,6;V;0,6;V;0,5;V;1,3;V;0,2;V;0,2;V;0,8;V;1,2;V;0,6;V;0,9;V;0,4;V;0,3;V
28;134;2;82;28134002_82_89;2026;3;5;176,0;V;123,0;V;325,0;V;313,0;V;314,0;V;332,0;V;357,0;V;311,0;V;34,0;V;46,0;V;45,0;V;66,0;V;72,0;V;78,0;V;115,0;V;312,0;V;262,0;V;133,0;V;341,0;V;323,0;V;25,0;V;35,0;V;7,0;V;359,0;V
28;134;2;83;28134002_83_89;2026;3;5;6,3;V;6,7;V;6,7;V;6,7;V;6,5;V;6,2;V;5,9;V;5,7;V;9,8;V;12,1;V;13,4;V;14,3;V;15,3;V;15,9;V;16,2;V;15,4;V;11,9;V;11,7;V;10,1;V;8,7;V;9,0;V;8,2;V;7,9;V;7,7;V
28;134;2;86;28134002_86_89;2026;3;5;95,0;V;97,0;V;97,0;V;97,0;V;97,0;V;97,0;V;97,0;V;97,0;V;83,0;V;67,0;V;62,0;V;56,0;V;52,0;V;49,0;V;47,0;V;50,0;V;85,0;V;86,0;V;91,0;V;96,0;V;97,0;V;97,0;V;97,0;V;97,0;V
28;134;2;87;28134002_87_89;2026;3;5;937,0;V;937,0;V;936,0;V;935,0;V;936,0;V;936,0;V;936,0;V;936,0;V;936,0;V;936,0;V;935,0;V;935,0;V;934,0;V;933,0;V;932,0;V;931,0;V;931,0;V;931,0;V;932,0;V;932,0;V;933,0;V;933,0;V;933,0;V;933,0;V
28;134;2;88;28134002_88_89;2026;3;5;1,0;V;1,0;V;1,0;V;1,0;V;1,0;V;1,0;V;2,0;V;76,0;V;240,0;V;400,0;V;544,0;V;519,0;V;600,0;V;452,0;V;372,0;V;188,0;V;62,0;V;23,0;V;1,0;V;1,0;V;1,0;V;1,0;V;1,0;V;1,0;V
28;134;2;89;28134002_89_89;2026;3;5;0,1;V;0,0;V;0,0;V;0,0;V;0,0;V;0,0;V;0,0;V;0,0;V;0,0;V;0,0;V;0,0;V;0,0;V;0,0;V;0,0;V;0,0;V;0,1;V;0,1;V;0,0;V;2,3;V;2,8;V;0,4;V;0,4;V;0,2;V;0,4;V
28;14;2;81;28014002_81_89;2026;3;5;0,8;V;0,5;V;0,2;V;0,9;V;0,8;V;1,2;V;1,3;V;1,1;V;1,3;V;1,6;V;1,6;V;1,5;V;1,9;V;2,1;V;1,8;V;2,0;V;2,2;V;1,5;V;1,0;V;1,3;V;0,8;V;0,4;V;0,9;V;1,8;V
28;14;2;82;28014002_82_89;2026;3;5;154,0;V;350,0;V;197,0;V;23,0;V;21,0;V;12,0;V;70,0;V;47,0;V;348,0;V;353,0;V;311,0;V;302,0;V;310,0;V;302,0;V;289,0;V;298,0;V;323,0;V;193,0;V;127,0;V;213,0;V;165,0;V;160,0;V;52,0;V;73,0;V
28;14;2;83;28014002_83_89;2026;3;5;10,5;V;10,4;V;9,5;V;9,1;V;9,3;V;8,8;V;8,3;V;7,9;V;8,9;V;11,1;V;13,2;V;14,5;V;15,9;V;16,6;V;17,0;V;16,7;V;14,7;V;10,7;V;10,2;V;9,6;V;9,4;V;9,3;V;9,6;V;9,1;V
28;14;2;86;28014002_86_89;2026;3;5;78,0;V;78,0;V;81,0;V;82,0;V;80,0;V;83,0;V;84,0;V;84,0;V;79,0;V;69,0;V;60,0;V;54,0;V;46,0;V;43,0;V;42,0;V;43,0;V;56,0;V;81,0;V;85,0;V;90,0;V;90,0;V;89,0;V;82,0;V;86,0;V
28;14;2;87;28014002_87_89;2026;3;5;948,0;V;947,0;V;947,0;V;946,0;V;946,0;V;947,0;V;947,0;V;947,0;V;947,0;V;946,0;V;946,0;V;946,0;V;945,0;V;944,0;V;943,0;V;942,0;V;941,0;V;942,0;V;943,0;V;943,0;V;944,0;V;944,0;V;944,0;V;943,0;V
28;14;2;88;28014002_88_89;2026;3;5;1,0;V;1,0;V;1,0;V;1,0;V;1,0;V;1,0;V;2,0;V;41,0;V;162,0;V;368,0;V;371,0;V;417,0;V;505,0;V;418,0;V;394,0;V;194,0;V;61,0;V;1,0;V;1,0;V;1,0;V;1,0;V;1,0;V;1,0;V;1,0;V
28;14;2;89;28014002_89_89;2026;3;5;0,0;V;0,0;V;0,0;V;0,0;V;0,0;V;0,0;V;0,0;V;0,0;V;0,0;V;0,0;V;0,0;V;0,0;V;0,0;V;0,0;V;0,0;V;0,0;V;0,4;V;0,2;V;6,4;V;0,4;V;2,4;V;0,2;V;0,0;V;0,4;V
28;148;4;81;28148004_81_89;2026;3;5;0,6;V;0,6;V;0,6;V;0,9;V;1,1;V;1,0;V;0,9;V;1,0;V;1,8;V;2,4;V;1,7;V;1,6;V;1,5;V;1,3;V;1,5;V;1,1;V;1,7;V;0,9;V;1,0;V;1,0;V;0,7;V;0,7;V;2,7;V;2,5;V
28;148;4;82;28148004_82_89;2026;3;5;110,0;V;113,0;V;52,0;V;49,0;V;67,0;V;66,0;V;57,0;V;57,0;V;57,0;V;51,0;V;63,0;V;62,0;V;69,0;V;82,0;V;16,0;V;15,0;V;83,0;V;216,0;V;200,0;V;246,0;V;202,0;V;95,0;V;46,0;V;47,0;V
28;148;4;83;28148004_83_89;2026;3;5;11,9;V;11,6;V;11,1;V;10,8;V;10,3;V;10,2;V;9,5;V;9,7;V;10,9;V;12,7;V;15,2;V;17,0;V;17,7;V;18,3;V;18,5;V;18,1;V;14,4;V;12,6;V;12,1;V;11,5;V;11,2;V;11,1;V;10,6;V;9,9;V
28;148;4;86;28148004_86_89;2026;3;5;76,0;V;80,0;V;84,0;V;86,0;V;86,0;V;86,0;V;91,0;V;89,0;V;80,0;V;71,0;V;59,0;V;52,0;V;48,0;V;46,0;V;44,0;V;44,0;V;71,0;V;95,0;V;100,0;V;100,0;V;100,0;V;100,0;V;100,0;V;100,0;V
28;148;4;87;28148004_87_89;2026;3;5;949,0;V;949,0;V;948,0;V;948,0;V;948,0;V;948,0;V;948,0;V;948,0;V;949,0;V;949,0;V;949,0;V;949,0;V;948,0;V;947,0;V;946,0;V;944,0;V;944,0;V;943,0;V;944,0;V;945,0;V;945,0;V;945,0;V;945,0;V;945,0;V
28;148;4;88;28148004_88_89;2026;3;5;15,0;V;15,0;V;15,0;V;15,0;V;15,0;V;15,0;V;17,0;V;91,0;V;240,0;V;420,0;V;569,0;V;634,0;V;588,0;V;437,0;V;364,0;V;206,0;V;46,0;V;34,0;V;15,0;V;15,0;V;15,0;V;15,0;V;15,0;V;15,0;V
28;148;4;89;28148004_89_89;2026;3;5;0,0;V;0,0;V;0,0;V;0,0;V;0,0;V;0,0;V;0,0;V;0,0;V;0,0;V;0,0;V;0,0;V;0,0;V;0,0;V;0,0;V;0,0;V;0,0;V;2,4;V;0,0;V;1,4;V;0,8;V;0,6;V;0,0;V;0,2;V;0,0;V
28;16;1;81;28016001_81_89;2026;3;5;6,4;V;4,8;V;2,1;V;1,4;V;1,0;V;1,0;V;3,8;V;2,8;V;1,4;V;0,6;V;1,0;V;0,9;V;0,8;V;1,2;V;4,3;V;4,1;V;2,3;V;2,0;V;4,1;V;3,3;V;4,6;V;3,3;V;2,8;V;1,0;V
28;16;1;82;28016001_82_89;2026;3;5;347,0;V;338,0;V;290,0;V;8,0;V;343,0;V;339,0;V;0,0;V;359,0;V;360,0;V;337,0;V;215,0;V;72,0;V;99,0;V;37,0;V;330,0;V;48,0;V;73,0;V;267,0;V;93,0;V;66,0;V;40,0;V;86,0;V;83,0;V;31,0;V
28;16;1;83;28016001_83_89;2026;3;5;7,2;V;7,9;V;7,4;V;7,3;V;6,8;V;6,9;V;6,1;V;6,2;V;7,9;V;9,7;V;11,2;V;12,1;V;13,4;V;13,3;V;10,2;V;11,2;V;10,6;V;10,4;V;9,3;V;8,3;V;7,1;V;6,4;V;6,4;V;6,1;V
28;16;1;86;28016001_86_89;2026;3;5;85,0;V;76,0;V;78,0;V;80,0;V;82,0;V;81,0;V;82,0;V;82,0;V;77,0;V;68,0;V;65,0;V;62,0;V;57,0;V;54,0;V;68,0;V;65,0;V;69,0;V;69,0;V;79,0;V;82,0;V;84,0;V;86,0;V;85,0;V;87,0;V
28;16;1;87;28016001_87_89;2026;3;5;898,0;V;898,0;V;898,0;V;897,0;V;897,0;V;897,0;V;897,0;V;897,0;V;897,0;V;897,0;V;897,0;V;897,0;V;896,0;V;895,0;V;894,0;V;893,0;V;893,0;V;893,0;V;893,0;V;894,0;V;894,0;V;894,0;V;894,0;V;894,0;V
28;16;1;88;28016001_88_89;2026;3;5;0,0;V;0,0;V;0,0;V;0,0;V;0,0;V;0,0;V;1,0;V;54,0;V;170,0;V;331,0;V;487,0;V;347,0;V;640,0;V;216,0;V;151,0;V;174,0;V;58,0;V;12,0;V;0,0;V;0,0;V;0,0;V;0,0;V;0,0;V;0,0;V
28;16;1;89;28016001_89_89;2026;3;5;0,0;V;0,0;V;0,0;V;0,0;V;0,0;V;0,0;V;0,0;V;0,0;V;0,0;V;0,0;V;0,0;V;0,0;V;0,0;V;0,0;V;1,4;V;0,0;V;0,0;V;0,3;V;0,0;V;0,0;V;0,0;V;0,2;V;0,5;V;0,9;V
28;161;1;81;28161001_81_89;2026;3;5;0,9;V;0,3;V;1,0;V;1,2;V;0,6;V;0,7;V;1,2;V;0,6;V;1,4;V;1,8;V;1,4;V;1,4;V;1,6;V;2,7;V;3,3;V;3,3;V;3,9;V;3,4;V;0,9;V;1,6;V;0,6;V;0,7;V;0,7;V;2,1;V
28;161;1;82;28161001_82_89;2026;3;5;272,0;V;211,0;V;287,0;V;285,0;V;281,0;V;293,0;V;296,0;V;332,0;V;55,0;V;66,0;V;77,0;V;285,0;V;272,0;V;280,0;V;279,0;V;284,0;V;289,0;V;57,0;V;277,0;V;94,0;V;94,0;V;108,0;V;60,0;V;56,0;V
28;161;1;83;28161001_83_89;2026;3;5;11,4;V;11,5;V;10,5;V;10,0;V;9,9;V;10,0;V;9,5;V;9,7;V;10,4;V;11,3;V;14,2;V;15,6;V;16,1;V;17,0;V;16,9;V;16,5;V;15,2;V;12,7;V;11,2;V;10,0;V;9,8;V;9,3;V;9,3;V;9,3;V
28;161;1;86;28161001_86_89;2026;3;5;87,0;V;86,0;V;96,0;V;100,0;V;100,0;V;100,0;V;100,0;V;100,0;V;89,0;V;83,0;V;71,0;V;65,0;V;61,0;V;58,0;V;59,0;V;61,0;V;64,0;V;81,0;V;92,0;V;100,0;V;100,0;V;100,0;V;100,0;V;100,0;V
28;161;1;87;28161001_87_89;2026;3;5;944,0;V;943,0;V;943,0;V;942,0;V;943,0;V;943,0;V;943,0;V;943,0;V;943,0;V;943,0;V;942,0;V;942,0;V;941,0;V;940,0;V;939,0;V;938,0;V;938,0;V;939,0;V;939,0;V;940,0;V;940,0;V;940,0;V;940,0;V;940,0;V
28;161;1;88;28161001_88_89;2026;3;5;1,0;V;1,0;V;1,0;V;1,0;V;1,0;V;1,0;V;2,0;V;36,0;V;108,0;V;286,0;V;517,0;V;465,0;V;419,0;V;513,0;V;351,0;V;204,0;V;184,0;V;33,0;V;1,0;V;1,0;V;1,0;V;1,0;V;1,0;V;1,0;V
28;161;1;89;28161001_89_89;2026;3;5;0,0;V;0,0;V;0,0;V;0,2;V;0,2;V;0,2;V;0,0;V;0,0;V;0,0;V;0,0;V;0,0;V;0,0;V;0,0;V;0,0;V;0,0;V;0,0;V;0,0;V;4,2;V;3,2;V;9,4;V;6,0;V;1,9;V;0,1;V;1,3;V
28;171;1;81;28171001_81_89;2026;3;5;0,8;V;0,6;V;0,3;V;0,4;V;0,9;V;0,4;V;0,3;V;0,1;V;0,2;V;0,2;V;0,8;V;1,9;V;2,7;V;2,8;V;3,0;V;1,0;V;0,7;V;0,7;V;0,5;V;0,4;V;0,9;V;1,7;V;1,6;V;1,1;V
28;171;1;82;28171001_82_89;2026;3;5;272,0;V;339,0;V;172,0;V;340,0;V;245,0;V;18,0;V;44,0;V;304,0;V;63,0;V;275,0;V;264,0;V;249,0;V;238,0;V;242,0;V;273,0;V;287,0;V;224,0;V;248,0;V;261,0;V;240,0;V;68,0;V;58,0;V;55,0;V;52,0;V
28;171;1;83;28171001_83_89;2026;3;5;9,2;V;9,1;V;9,1;V;9,2;V;8,7;V;8,5;V;7,8;V;8,0;V;9,2;V;10,7;V;12,7;V;13,6;V;15,0;V;15,6;V;13,9;V;13,2;V;13,9;V;14,0;V;12,5;V;10,9;V;11,1;V;10,7;V;9,5;V;9,1;V
28;171;1;86;28171001_86_89;2026;3;5;85,0;V;86,0;V;87,0;V;88,0;V;90,0;V;91,0;V;92,0;V;92,0;V;92,0;V;92,0;V;77,0;V;67,0;V;59,0;V;58,0;V;71,0;V;72,0;V;68,0;V;67,0;V;73,0;V;80,0;V;76,0;V;83,0;V;86,0;V;90,0;V
28;171;1;87;28171001_87_89;2026;3;5;961,0;V;961,0;V;960,0;V;960,0;V;960,0;V;960,0;V;961,0;V;961,0;V;961,0;V;961,0;V;960,0;V;960,0;V;953,0;V;949,0;V;948,0;V;949,0;V;950,0;V;950,0;V;950,0;V;949,0;V;948,0;V;948,0;V;948,0;V;948,0;V
28;171;1;88;28171001_88_89;2026;3;5;2,0;V;2,0;V;2,0;V;2,0;V;2,0;V;2,0;V;2,0;V;42,0;V;155,0;V;218,0;V;354,0;V;392,0;V;615,0;V;582,0;V;275,0;V;181,0;V;131,0;V;60,0;V;3,0;V;2,0;V;2,0;V;2,0;V;2,0;V;2,0;V
28;171;1;89;28171001_89_89;2026;3;5;0,0;V;0,0;V;0,0;V;1,0;V;0,4;V;0,4;V;0,4;V;0,0;V;0,0;V;0,0;V;0,0;V;0,0;V;0,0;V;0,0;V;0,4;V;0,0;V;0,0;V;0,0;V;0,0;V;0,0;V;0,4;V;0,0;V;3,0;V;3,0;V
28;180;1;81;28180001_81_89;2026;3;5;0,4;V;0,2;V;0,2;V;0,1;V;0,2;V;0,1;V;0,3;V;0,5;V;0,7;V;1,0;V;1,8;V;1,3;V;1,9;V;1,7;V;2,5;V;2,7;V;1,1;V;0,6;V;0,7;V;0,5;V;0,2;V;0,3;V;0,5;V;0,4;V
28;180;1;82;28180001_82_89;2026;3;5;257,0;V;21,0;V;340,0;V;9,0;V;66,0;V;174,0;V;334,0;V;315,0;V;305,0;V;258,0;V;239,0;V;279,0;V;270,0;V;266,0;V;255,0;V;238,0;V;84,0;V;74,0;V;69,0;V;63,0;V;81,0;V;344,0;V;53,0;V;32,0;V
28;180;1;83;28180001_83_89;2026;3;5;9,1;V;9,3;V;8,9;V;8,8;V;8,8;V;8,4;V;8,0;V;7,8;V;8,4;V;10,4;V;12,7;V;14,2;V;14,5;V;14,5;V;15,5;V;15,1;V;13,5;V;12,6;V;11,4;V;10,6;V;10,0;V;9,0;V;8,5;V;8,1;V
28;180;1;86;28180001_86_89;2026;3;5;84,0;V;84,0;V;83,0;V;84,0;V;85,0;V;86,0;V;88,0;V;89,0;V;85,0;V;77,0;V;62,0;V;54,0;V;51,0;V;49,0;V;47,0;V;48,0;V;56,0;V;62,0;V;68,0;V;74,0;V;81,0;V;89,0;V;86,0;V;88,0;V
28;180;1;87;28180001_87_89;2026;3;5;929,0;V;929,0;V;928,0;V;928,0;V;928,0;V;928,0;V;928,0;V;929,0;V;928,0;V;928,0;V;928,0;V;927,0;V;927,0;V;925,0;V;924,0;V;924,0;V;924,0;V;924,0;V;925,0;V;925,0;V;925,0;V;925,0;V;925,0;V;925,0;V
28;180;1;88;28180001_88_89;2026;3;5;1,0;V;1,0;V;1,0;V;1,0;V;1,0;V;1,0;V;2,0;V;34,0;V;109,0;V;349,0;V;464,0;V;511,0;V;473,0;V;310,0;V;457,0;V;200,0;V;47,0;V;7,0;V;1,0;V;1,0;V;1,0;V;1,0;V;1,0;V;1,0;V
28;180;1;89;28180001_89_89;2026;3;5;0,0;V;0,0;V;0,0;V;0,0;V;0,0;V;0,0;V;0,0;V;0,0;V;0,0;V;0,0;V;0,0;V;0,0;V;0,0;V;0,0;V;0,0;V;0,0;V;0,0;V;0,0;V;0,0;V;0,0;V;0,2;V;0,4;V;0,0;V;0,0;V
28;45;2;81;28045002_81_89;2026;3;5;2,2;V;1,3;V;0,6;V;0,8;V;0,5;V;0,9;V;0,6;V;0,7;V;0,4;V;0,9;V;0,8;V;0,9;V;1,2;V;1,0;V;1,2;V;0,8;V;0,6;V;0,6;V;1,8;V;3,2;V;3,0;V;2,8;V;1,4;V;2,0;V
28;45;2;82;28045002_82_89;2026;3;5;301,0;V;289,0;V;63,0;V;319,0;V;5,0;V;27,0;V;311,0;V;304,0;V;314,0;V;58,0;V;234,0;V;146,0;V;182,0;V;178,0;V;298,0;V;273,0;V;238,0;V;47,0;V;79,0;V;62,0;V;59,0;V;50,0;V;77,0;V;55,0;V
28;45;2;83;28045002_83_89;2026;3;5;7,9;V;8,1;V;7,6;V;6,9;V;7,2;V;7,9;V;7,2;V;7,2;V;8,5;V;10,7;V;11,5;V;12,7;V;13,3;V;14,0;V;13,1;V;11,6;V;12,0;V;12,1;V;10,9;V;9,0;V;8,2;V;7,3;V;7,0;V;6,8;V
28;45;2;86;28045002_86_89;2026;3;5;83,0;V;80,0;V;81,0;V;86,0;V;85,0;V;81,0;V;82,0;V;83,0;V;80,0;V;70,0;V;66,0;V;60,0;V;60,0;V;58,0;V;59,0;V;66,0;V;62,0;V;62,0;V;67,0;V;80,0;V;84,0;V;86,0;V;87,0;V;88,0;V
28;45;2;87;28045002_87_89;2026;3;5;915,0;V;914,0;V;914,0;V;913,0;V;913,0;V;914,0;V;913,0;V;914,0;V;914,0;V;913,0;V;912,0;V;911,0;V;911,0;V;911,0;V;910,0;V;908,0;V;908,0;V;908,0;V;908,0;V;910,0;V;911,0;V;911,0;V;911,0;V;911,0;V
28;45;2;88;28045002_88_89;2026;3;5;1,0;V;1,0;V;1,0;V;1,0;V;1,0;V;1,0;V;3,0;V;54,0;V;197,0;V;457,0;V;579,0;V;646,0;V;683,0;V;455,0;V;192,0;V;150,0;V;98,0;V;41,0;V;2,0;V;1,0;V;1,0;V;1,0;V;1,0;V;1,0;V
28;45;2;89;28045002_89_89;2026;3;5;0,0;V;0,0;V;0,0;V;0,0;V;0,0;V;0,0;V;0,0;V;0,0;V;0,0;V;0,0;V;0,0;V;0,0;V;0,0;V;0,0;V;0,8;V;0,0;V;0,0;V;0,0;V;0,0;V;0,4;V;0,4;V;1,4;V;1,0;V;0,4;V
28;47;2;81;28047002_81_89;2026;3;5;1,3;V;0,5;V;0,3;V;0,4;V;0,4;V;0,3;V;0,2;V;0,2;V;0,4;V;0,5;V;0,8;V;2,1;V;2,6;V;1,9;V;2,4;V;1,6;V;0,8;V;1,0;V;0,7;V;1,6;V;1,9;V;1,2;V;1,6;V;0,8;V
28;47;2;82;28047002_82_89;2026;3;5;262,0;V;276,0;V;272,0;V;53,0;V;310,0;V;114,0;V;268,0;V;248,0;V;239,0;V;279,0;V;198,0;V;237,0;V;231,0;V;205,0;V;343,0;V;52,0;V;191,0;V;195,0;V;43,0;V;66,0;V;55,0;V;54,0;V;38,0;V;38,0;V
28;47;2;83;28047002_83_89;2026;3;5;8,1;V;7,6;V;7,1;V;6,2;V;5,8;V;6,0;V;6,3;V;6,7;V;8,6;V;10,9;V;12,8;V;14,8;V;14,8;V;13,9;V;13,5;V;11,1;V;12,4;V;12,8;V;12,0;V;10,7;V;9,1;V;8,2;V;7,4;V;6,9;V
28;47;2;86;28047002_86_89;2026;3;5;85,0;V;84,0;V;86,0;V;88,0;V;88,0;V;87,0;V;86,0;V;85,0;V;79,0;V;68,0;V;62,0;V;52,0;V;49,0;V;52,0;V;55,0;V;67,0;V;62,0;V;58,0;V;64,0;V;71,0;V;80,0;V;82,0;V;86,0;V;84,0;V
28;47;2;87;28047002_87_89;2026;3;5;916,0;V;916,0;V;915,0;V;915,0;V;915,0;V;915,0;V;916,0;V;915,0;V;915,0;V;915,0;V;914,0;V;914,0;V;913,0;V;912,0;V;911,0;V;911,0;V;910,0;V;910,0;V;910,0;V;911,0;V;912,0;V;912,0;V;912,0;V;912,0;V
28;47;2;88;28047002_88_89;2026;3;5;0,0;V;0,0;V;0,0;V;0,0;V;0,0;V;0,0;V;1,0;V;32,0;V;234,0;V;266,0;V;527,0;V;632,0;V;345,0;V;194,0;V;292,0;V;112,0;V;64,0;V;30,0;V;1,0;V;0,0;V;0,0;V;0,0;V;0,0;V;0,0;V
28;47;2;89;28047002_89_89;2026;3;5;0,0;V;0,0;V;0,0;V;0,0;V;0,0;V;0,0;V;0,0;V;0,0;V;0,0;V;0,0;V;0,0;V;0,0;V;0,0;V;0,0;V;0,0;V;0,6;V;0,0;V;0,0;V;0,0;V;0,4;V;0,2;V;0,6;V;1,2;V;1,0;V
28;49;3;81;28049003_81_89;2026;3;5;0,6;V;0,4;V;0,4;V;0,7;V;1,0;V;1,1;V;0,8;V;0,7;V;1,1;V;1,5;V;1,3;V;1,4;V;1,4;V;1,5;V;1,7;V;1,1;V;1,5;V;1,4;V;1,0;V;1,1;V;1,0;V;0,6;V;1,1;V;0,9;V
28;49;3;82;28049003_82_89;2026;3;5;311,0;V;21,0;V;317,0;V;14,0;V;321,0;V;77,0;V;66,0;V;357,0;V;50,0;V;56,0;V;20,0;V;337,0;V;286,0;V;313,0;V;310,0;V;340,0;V;17,0;V;246,0;V;148,0;V;240,0;V;250,0;V;306,0;V;51,0;V;43,0;V
28;49;3;83;28049003_83_89;2026;3;5;10,9;V;10,8;V;10,1;V;9,7;V;9,3;V;9,1;V;8,6;V;8,9;V;10,4;V;12,1;V;14,2;V;16,1;V;16,9;V;17,5;V;17,8;V;17,3;V;14,8;V;12,3;V;11,4;V;10,5;V;10,3;V;10,3;V;9,4;V;8,8;V
28;49;3;86;28049003_86_89;2026;3;5;74,0;V;75,0;V;78,0;V;80,0;V;82,0;V;81,0;V;82,0;V;81,0;V;73,0;V;66,0;V;57,0;V;49,0;V;44,0;V;43,0;V;43,0;V;43,0;V;59,0;V;78,0;V;86,0;V;90,0;V;89,0;V;89,0;V;90,0;V;92,0;V
28;49;3;87;28049003_87_89;2026;3;5;942,0;V;942,0;V;940,0;V;940,0;V;940,0;V;941,0;V;941,0;V;942,0;V;941,0;V;940,0;V;939,0;V;939,0;V;938,0;V;936,0;V;934,0;V;933,0;V;934,0;V;933,0;V;935,0;V;936,0;V;936,0;V;936,0;V;936,0;V;936,0;V
28;49;3;88;28049003_88_89;2026;3;5;0,0;V;0,0;V;0,0;V;0,0;V;0,0;V;0,0;V;0,0;V;56,0;V;192,0;V;307,0;V;417,0;V;616,0;V;603,0;V;585,0;V;435,0;V;201,0;V;40,0;V;12,0;V;0,0;V;0,0;V;0,0;V;0,0;V;0,0;V;0,0;V
28;49;3;89;28049003_89_89;2026;3;5;0,0;V;0,0;V;0,0;V;0,0;V;0,0;V;0,0;V;0,0;V;0,0;V;0,0;V;0,0;V;0,0;V;0,0;V;0,0;V;0,0;V;0,0;V;0,0;V;0,4;V;0,2;V;2,4;V;1,0;V;0,8;V;2,2;V;0,4;V;0,8;V
28;5;2;81;28005002_81_89;2026;3;5;0,4;V;0,7;V;0,5;V;0,8;V;0,9;V;0,8;V;1,0;V;1,1;V;1,2;V;1,2;V;1,3;V;1,2;V;0,9;V;1,3;V;1,2;V;1,1;V;1,0;V;0,7;V;0,6;V;0,6;V;0,5;V;0,6;V;1,4;V;1,1;V
28;5;2;82;28005002_82_89;2026;3;5;112,0;V;55,0;V;76,0;V;54,0;V;53,0;V;55,0;V;69,0;V;73,0;V;63,0;V;67,0;V;76,0;V;27,0;V;343,0;V;3,0;V;8,0;V;21,0;V;217,0;V;176,0;V;249,0;V;272,0;V;273,0;V;43,0;V;53,0;V;57,0;V
28;5;2;83;28005002_83_89;2026;3;5;10,9;V;10,8;V;10,3;V;9,7;V;9,0;V;8,6;V;8,3;V;8,7;V;9,6;V;11,5;V;13,3;V;14,8;V;16,1;V;16,6;V;16,5;V;16,6;V;13,0;V;12,4;V;11,6;V;11,3;V;10,5;V;10,2;V;9,5;V;8,9;V
28;5;2;86;28005002_86_89;2026;3;5;78,0;V;78,0;V;80,0;V;82,0;V;84,0;V;84,0;V;84,0;V;84,0;V;80,0;V;72,0;V;65,0;V;59,0;V;53,0;V;50,0;V;50,0;V;50,0;V;74,0;V;76,0;V;82,0;V;84,0;V;87,0;V;90,0;V;89,0;V;90,0;V
28;5;2;87;28005002_87_89;2026;3;5;953,0;V;953,0;V;952,0;V;952,0;V;952,0;V;952,0;V;952,0;V;952,0;V;952,0;V;952,0;V;951,0;V;951,0;V;950,0;V;949,0;V;948,0;V;947,0;V;947,0;V;947,0;V;948,0;V;948,0;V;949,0;V;949,0;V;949,0;V;949,0;V
28;5;2;88;28005002_88_89;2026;3;5;0,0;V;0,0;V;0,0;V;0,0;V;0,0;V;0,0;V;1,0;V;55,0;V;176,0;V;343,0;V;472,0;V;518,0;V;474,0;V;404,0;V;255,0;V;137,0;V;33,0;V;20,0;V;0,0;V;0,0;V;0,0;V;0,0;V;0,0;V;0,0;V
28;5;2;89;28005002_89_89;2026;3;5;0,0;V;0,0;V;0,0;V;0,0;V;0,0;V;0,0;V;0,0;V;0,0;V;0,0;V;0,0;V;0,0;V;0,0;V;0,0;V;0,0;V;0,0;V;0,2;V;1,4;V;1,2;V;0,0;V;0,0;V;0,6;V;0,2;V;0,4;V;0,7;V
28;58;4;81;28058004_81_89;2026;3;5;0,4;V;1,2;V;0,7;V;0,7;V;1,1;V;0,5;V;0,7;V;1,3;V;1,3;V;1,4;V;1,4;V;1,4;V;1,6;V;2,2;V;2,2;V;1,8;V;1,8;V;2,0;V;1,4;V;3,0;V;1,5;V;1,3;V;1,6;V;2,3;V
28;58;4;82;28058004_82_89;2026;3;5;190,0;V;320,0;V;248,0;V;288,0;V;306,0;V;293,0;V;305,0;V;300,0;V;33,0;V;295,0;V;286,0;V;279,0;V;291,0;V;254,0;V;259,0;V;263,0;V;256,0;V;61,0;V;129,0;V;61,0;V;51,0;V;49,0;V;159,0;V;226,0;V
28;58;4;83;28058004_83_89;2026;3;5;11,5;V;11,3;V;10,9;V;10,2;V;10,1;V;10,1;V;9,7;V;9,8;V;11,0;V;13,5;V;15,5;V;17,3;V;16,9;V;17,4;V;17,8;V;16,0;V;14,5;V;13,4;V;11,5;V;10,5;V;9,7;V;9,9;V;10,0;V;9,3;V
28;58;4;86;28058004_86_89;2026;3;5;75,0;V;75,0;V;79,0;V;86,0;V;86,0;V;85,0;V;83,0;V;81,0;V;76,0;V;65,0;V;56,0;V;48,0;V;47,0;V;48,0;V;48,0;V;54,0;V;60,0;V;61,0;V;77,0;V;87,0;V;95,0;V;95,0;V;96,0;V;94,0;V
28;58;4;87;28058004_87_89;2026;3;5;937,0;V;937,0;V;937,0;V;936,0;V;936,0;V;937,0;V;937,0;V;937,0;V;937,0;V;937,0;V;936,0;V;936,0;V;935,0;V;934,0;V;933,0;V;932,0;V;932,0;V;932,0;V;932,0;V;933,0;V;933,0;V;933,0;V;933,0;V;933,0;V
28;58;4;88;28058004_88_89;2026;3;5;5,0;V;5,0;V;5,0;V;6,0;V;6,0;V;6,0;V;6,0;V;39,0;V;127,0;V;325,0;V;495,0;V;539,0;V;442,0;V;578,0;V;420,0;V;307,0;V;157,0;V;34,0;V;5,0;V;6,0;V;6,0;V;6,0;V;6,0;V;6,0;V
28;58;4;89;28058004_89_89;2026;3;5;0,0;V;0,0;V;0,0;V;0,2;V;0,0;V;0,0;V;0,0;V;0,0;V;0,0;V;0,0;V;0,0;V;0,0;V;0,0;V;0,0;V;0,0;V;0,0;V;0,0;V;0,0;V;0,0;V;2,6;V;1,8;V;0,6;V;0,4;V;1,0;V
28;6;4;81;28006004_81_89;2026;3;5;0,1;V;0,1;V;0,1;V;0,1;V;0,1;V;0,1;V;0,1;V;0,1;V;0,1;V;0,1;V;0,1;V;0,1;V;0,1;V;0,1;V;0,1;V;0,2;V;0,3;V;0,1;V;0,8;V;0,5;V;0,1;V;0,1;V;0,7;V;0,6;V
28;6;4;82;28006004_82_89;2026;3;5;238,0;V;127,0;V;36,0;V;349,0;V;347,0;V;78,0;V;68,0;V;70,0;V;72,0;V;80,0;V;73,0;V;68,0;V;180,0;V;227,0;V;45,0;V;322,0;V;296,0;V;172,0;V;78,0;V;337,0;V;59,0;V;67,0;V;63,0;V;67,0;V
28;6;4;83;28006004_83_89;2026;3;5;9,8;V;9,7;V;9,8;V;9,3;V;9,3;V;9,3;V;9,1;V;9,2;V;10,2;V;11,3;V;12,6;V;13,9;V;14,8;V;15,7;V;16,1;V;15,5;V;13,0;V;13,3;V;11,5;V;10,0;V;10,1;V;9,3;V;8,8;V;8,3;V
28;6;4;86;28006004_86_89;2026;3;5;82,0;V;82,0;V;79,0;V;82,0;V;79,0;V;76,0;V;78,0;V;76,0;V;73,0;V;68,0;V;63,0;V;57,0;V;54,0;V;51,0;V;49,0;V;49,0;V;65,0;V;65,0;V;77,0;V;83,0;V;86,0;V;87,0;V;89,0;V;90,0;V
28;6;4;87;28006004_87_89;2026;3;5;946,0;V;946,0;V;945,0;V;945,0;V;945,0;V;946,0;V;946,0;V;946,0;V;946,0;V;946,0;V;945,0;V;945,0;V;944,0;V;943,0;V;941,0;V;940,0;V;940,0;V;941,0;V;942,0;V;943,0;V;943,0;V;943,0;V;943,0;V;943,0;V
28;6;4;88;28006004_88_89;2026;3;5;6,0;V;6,0;V;6,0;V;7,0;V;7,0;V;7,0;V;10,0;V;65,0;V;186,0;V;347,0;V;512,0;V;633,0;V;560,0;V;638,0;V;450,0;V;182,0;V;65,0;V;28,0;V;6,0;V;10,0;V;8,0;V;10,0;V;11,0;V;12,0;V
28;6;4;89;28006004_89_89;2026;3;5;0,0;V;0,0;V;0,0;V;0,0;V;0,0;V;0,0;V;0,0;V;0,0;V;0,0;V;0,0;V;0,0;V;0,0;V;0,0;V;0,0;V;0,0;V;0,0;V;1,1;V;0,0;V;3,3;V;2,8;V;0,9;V;0,3;V;0,4;V;0,6;V
28;65;14;81;28065014_81_89;2026;3;5;0,2;V;0,2;V;0,3;V;0,4;V;0,8;V;0,3;V;0,4;V;0,2;V;0,7;V;1,0;V;0,8;V;0,8;V;0,7;V;1,1;V;1,0;V;1,5;V;1,8;V;0,8;V;0,5;V;0,9;V;0,2;V;0,3;V;0,5;V;1,0;V
28;65;14;82;28065014_82_89;2026;3;5;140,0;V;140,0;V;160,0;V;291,0;V;297,0;V;193,0;V;298,0;V;273,0;V;94,0;V;187,0;V;159,0;V;202,0;V;246,0;V;269,0;V;249,0;V;272,0;V;280,0;V;123,0;V;137,0;V;110,0;V;119,0;V;30,0;V;128,0;V;139,0;V
28;65;14;83;28065014_83_89;2026;3;5;11,0;V;10,8;V;10,7;V;10,6;V;10,2;V;10,0;V;9,3;V;9,5;V;10,2;V;11,3;V;12,8;V;14,6;V;15,8;V;16,6;V;16,4;V;16,2;V;15,0;V;11,1;V;10,7;V;10,0;V;9,7;V;9,9;V;9,7;V;8,9;V
28;65;14;86;28065014_86_89;2026;3;5;84,0;V;86,0;V;87,0;V;85,0;V;87,0;V;86,0;V;88,0;V;87,0;V;81,0;V;73,0;V;65,0;V;56,0;V;48,0;V;44,0;V;47,0;V;50,0;V;52,0;V;89,0;V;97,0;V;99,0;V;98,0;V;99,0;V;99,0;V;99,0;V
28;65;14;87;28065014_87_89;2026;3;5;947,0;V;947,0;V;946,0;V;946,0;V;946,0;V;946,0;V;946,0;V;947,0;V;947,0;V;946,0;V;946,0;V;945,0;V;945,0;V;943,0;V;942,0;V;941,0;V;941,0;V;942,0;V;942,0;V;943,0;V;943,0;V;943,0;V;943,0;V;943,0;V
28;65;14;88;28065014_88_89;2026;3;5;0,0;V;0,0;V;0,0;V;0,0;V;0,0;V;0,0;V;0,0;V;37,0;V;132,0;V;314,0;V;503,0;V;633,0;V;653,0;V;563,0;V;301,0;V;322,0;V;176,0;V;1,0;V;0,0;V;0,0;V;0,0;V;0,0;V;0,0;V;0,0;V
28;65;14;89;28065014_89_89;2026;3;5;0,0;V;0,0;V;0,0;V;0,0;V;0,0;V;0,0;V;0,0;V;0,0;V;0,0;V;0,0;V;0,0;V;0,0;V;0,0;V;0,0;V;0,0;V;0,0;V;0,0;V;1,8;V;1,4;V;3,0;V;0,8;V;0,6;V;0,8;V;0,6;V
28;67;1;81;28067001_81_89;2026;3;5;0,6;V;0,4;V;0,6;V;0,3;V;0,4;V;0,3;V;0,2;V;0,2;V;0,2;V;0,8;V;1,0;V;1,2;V;1,2;V;1,1;V;1,8;V;2,0;V;1,4;V;1,2;V;1,0;V;1,2;V;1,0;V;0,6;V;0,6;V;0,4;V
28;67;1;82;28067001_82_89;2026;3;5;239,0;V;342,0;V;35,0;V;288,0;V;258,0;V;261,0;V;151,0;V;173,0;V;74,0;V;153,0;V;177,0;V;188,0;V;135,0;V;187,0;V;293,0;V;43,0;V;323,0;V;131,0;V;142,0;V;138,0;V;140,0;V;132,0;V;14,0;V;42,0;V
28;67;1;83;28067001_83_89;2026;3;5;7,9;V;7,5;V;6,6;V;6,0;V;5,5;V;5,7;V;5,6;V;6,0;V;9,2;V;10,6;V;12,1;V;13,3;V;14,3;V;15,0;V;14,2;V;14,5;V;14,4;V;13,1;V;10,6;V;9,5;V;8,4;V;7,6;V;7,3;V;7,1;V
28;67;1;86;28067001_86_89;2026;3;5;86,0;V;86,0;V;92,0;V;93,0;V;94,0;V;95,0;V;94,0;V;95,0;V;86,0;V;75,0;V;68,0;V;62,0;V;59,0;V;56,0;V;56,0;V;52,0;V;53,0;V;58,0;V;74,0;V;85,0;V;90,0;V;94,0;V;94,0;V;93,0;V
28;67;1;87;28067001_87_89;2026;3;5;919,0;V;919,0;V;919,0;V;918,0;V;918,0;V;919,0;V;919,0;V;919,0;V;919,0;V;919,0;V;918,0;V;918,0;V;917,0;V;916,0;V;915,0;V;914,0;V;913,0;V;914,0;V;914,0;V;915,0;V;916,0;V;916,0;V;916,0;V;916,0;V
28;67;1;88;28067001_88_89;2026;3;5;1,0;V;1,0;V;1,0;V;1,0;V;1,0;V;1,0;V;2,0;V;75,0;V;264,0;V;463,0;V;600,0;V;708,0;V;700,0;V;585,0;V;226,0;V;219,0;V;142,0;V;61,0;V;1,0;V;1,0;V;1,0;V;1,0;V;1,0;V;1,0;V
28;67;1;89;28067001_89_89;2026;3;5;0,0;V;0,0;V;0,0;V;0,0;V;0,0;V;0,0;V;0,0;V;0,0;V;0,0;V;0,0;V;0,0;V;0,0;V;0,0;V;0,0;V;0,0;V;0,0;V;0,0;V;0,0;V;0,0;V;0,0;V;2,4;V;2,4;V;0,6;V;1,1;V
28;7;4;81;28007004_81_89;2026;3;5;0,8;V;0,8;V;0,6;V;0,7;V;1,0;V;0,6;V;0,6;V;0,7;V;1,2;V;1,4;V;1,7;V;1,7;V;1,7;V;2,0;V;2,8;V;2,2;V;2,9;V;1,2;V;1,8;V;2,1;V;1,3;V;1,4;V;1,7;V;1,9;V
28;7;4;82;28007004_82_89;2026;3;5;295,0;V;330,0;V;117,0;V;314,0;V;297,0;V;316,0;V;306,0;V;25,0;V;45,0;V;309,0;V;314,0;V;313,0;V;277,0;V;268,0;V;258,0;V;283,0;V;293,0;V;157,0;V;136,0;V;98,0;V;79,0;V;72,0;V;64,0;V;64,0;V
28;7;4;83;28007004_83_89;2026;3;5;11,4;V;11,0;V;11,0;V;10,7;V;10,0;V;9,9;V;9,6;V;9,9;V;11,0;V;12,4;V;13,9;V;15,5;V;16,4;V;16,8;V;15,5;V;13,0;V;13,3;V;13,7;V;12,3;V;11,3;V;10,5;V;10,3;V;10,1;V;9,4;V
28;7;4;86;28007004_86_89;2026;3;5;82,0;V;85,0;V;89,0;V;94,0;V;96,0;V;95,0;V;96,0;V;92,0;V;82,0;V;71,0;V;62,0;V;52,0;V;48,0;V;48,0;V;59,0;V;81,0;V;74,0;V;68,0;V;81,0;V;95,0;V;98,0;V;99,0;V;100,0;V;100,0;V
28;7;4;87;28007004_87_89;2026;3;5;932,0;V;931,0;V;931,0;V;930,0;V;930,0;V;931,0;V;931,0;V;931,0;V;931,0;V;931,0;V;930,0;V;930,0;V;929,0;V;928,0;V;927,0;V;926,0;V;926,0;V;926,0;V;926,0;V;927,0;V;927,0;V;927,0;V;927,0;V;927,0;V
28;7;4;88;28007004_88_89;2026;3;5;3,0;V;3,0;V;3,0;V;3,0;V;3,0;V;3,0;V;4,0;V;45,0;V;165,0;V;360,0;V;513,0;V;603,0;V;579,0;V;521,0;V;143,0;V;139,0;V;128,0;V;25,0;V;3,0;V;3,0;V;3,0;V;3,0;V;3,0;V;3,0;V
28;7;4;89;28007004_89_89;2026;3;5;0,0;V;0,0;V;0,1;V;0,1;V;0,0;V;0,3;V;0,0;V;0,0;V;0,0;V;0,0;V;0,0;V;0,0;V;0,0;V;0,0;V;0,8;V;0,2;V;0,0;V;0,0;V;0,0;V;1,3;V;1,7;V;0,8;V;0,7;V;1,1;V
28;74;7;81;28074007_81_89;2026;3;5;0,3;V;0,2;V;0,2;V;0,2;V;0,5;V;0,4;V;0,2;V;0,2;V;0,5;V;1,2;V;1,0;V;1,0;V;0,9;V;1,1;V;1,3;V;2,2;V;2,5;V;0,9;V;1,1;V;0,9;V;0,3;V;0,4;V;1,5;V;1,7;V
28;74;7;82;28074007_82_89;2026;3;5;318,0;V;2,0;V;336,0;V;318,0;V;326,0;V;279,0;V;323,0;V;337,0;V;342,0;V;347,0;V;320,0;V;350,0;V;325,0;V;325,0;V;313,0;V;321,0;V;323,0;V;257,0;V;318,0;V;91,0;V;32,0;V;16,0;V;228,0;V;254,0;V
28;74;7;83;28074007_83_89;2026;3;5;12,7;V;12,1;V;11,5;V;11,3;V;11,1;V;11,3;V;10,5;V;11,0;V;12,5;V;14,5;V;16,6;V;18,3;V;19,3;V;19,9;V;18,9;V;18,2;V;16,5;V;14,4;V;13,3;V;12,4;V;11,8;V;11,6;V;11,4;V;10,6;V
28;74;7;86;28074007_86_89;2026;3;5;80,0;V;83,0;V;92,0;V;95,0;V;93,0;V;86,0;V;91,0;V;90,0;V;78,0;V;66,0;V;58,0;V;50,0;V;44,0;V;42,0;V;48,0;V;50,0;V;54,0;V;69,0;V;81,0;V;91,0;V;94,0;V;96,0;V;96,0;V;94,0;V
28;74;7;87;28074007_87_89;2026;3;5;947,0;V;947,0;V;946,0;V;946,0;V;946,0;V;946,0;V;946,0;V;947,0;V;947,0;V;946,0;V;946,0;V;945,0;V;945,0;V;944,0;V;943,0;V;942,0;V;942,0;V;942,0;V;942,0;V;943,0;V;943,0;V;943,0;V;943,0;V;943,0;V
28;74;7;88;28074007_88_89;2026;3;5;5,0;V;5,0;V;6,0;V;6,0;V;6,0;V;5,0;V;6,0;V;54,0;V;136,0;V;308,0;V;457,0;V;532,0;V;511,0;V;467,0;V;320,0;V;361,0;V;134,0;V;17,0;V;5,0;V;5,0;V;6,0;V;6,0;V;6,0;V;6,0;V
28;74;7;89;28074007_89_89;2026;3;5;0,0;V;0,8;V;0,0;V;0,2;V;0,0;V;0,0;V;0,0;V;0,0;V;0,0;V;0,0;V;0,0;V;0,0;V;0,0;V;0,0;V;0,0;V;0,0;V;0,0;V;0,2;V;0,2;V;4,2;V;2,0;V;0,8;V;2,6;V;1,6;V
28;80;3;81;28080003_81_89;2026;3;5;1,3;V;0,6;V;0,7;V;0,9;V;1,3;V;2,1;V;1,5;V;1,6;V;2,1;V;2,3;V;2,0;V;1,7;V;1,6;V;1,5;V;2,4;V;1,9;V;2,1;V;1,6;V;1,2;V;2,2;V;1,8;V;3,0;V;3,2;V;3,0;V
28;80;3;82;28080003_82_89;2026;3;5;209,0;V;230,0;V;309,0;V;78,0;V;161,0;V;104,0;V;112,0;V;92,0;V;78,0;V;102,0;V;213,0;V;237,0;V;242,0;V;244,0;V;270,0;V;262,0;V;219,0;V;218,0;V;165,0;V;93,0;V;83,0;V;73,0;V;93,0;V;108,0;V
28;80;3;83;28080003_83_89;2026;3;5;9,7;V;8,8;V;9,1;V;8,9;V;8,9;V;8,8;V;9,0;V;9,4;V;10,0;V;10,7;V;12,2;V;13,7;V;14,9;V;15,7;V;13,2;V;12,5;V;13,6;V;12,3;V;11,3;V;10,4;V;9,0;V;8,9;V;8,3;V;7,8;V
28;80;3;86;28080003_86_89;2026;3;5;80,0;V;84,0;V;84,0;V;82,0;V;82,0;V;81,0;V;79,0;V;76,0;V;74,0;V;71,0;V;66,0;V;59,0;V;56,0;V;53,0;V;59,0;V;63,0;V;58,0;V;69,0;V;76,0;V;81,0;V;87,0;V;89,0;V;89,0;V;89,0;V
28;80;3;87;28080003_87_89;2026;3;5;934,0;V;934,0;V;933,0;V;933,0;V;933,0;V;933,0;V;933,0;V;934,0;V;934,0;V;933,0;V;933,0;V;933,0;V;932,0;V;931,0;V;930,0;V;929,0;V;929,0;V;929,0;V;929,0;V;930,0;V;930,0;V;930,0;V;931,0;V;930,0;V
28;80;3;88;28080003_88_89;2026;3;5;1,0;V;1,0;V;1,0;V;1,0;V;1,0;V;1,0;V;1,0;V;58,0;V;204,0;V;381,0;V;521,0;V;593,0;V;576,0;V;494,0;V;114,0;V;156,0;V;115,0;V;18,0;V;1,0;V;1,0;V;1,0;V;1,0;V;1,0;V;1,0;V
28;80;3;89;28080003_89_89;2026;3;5;0,0;V;0,0;V;0,0;V;0,1;V;0,0;V;0,0;V;0,0;V;0,0;V;0,0;V;0,0;V;0,0;V;0,0;V;0,0;V;0,0;V;0,0;V;0,0;V;0,0;V;0,0;V;0,0;V;0,4;V;0,7;V;0,3;V;0,6;V;0,8;V
28;9;1;81;28009001_81_89;2026;3;5;2,2;V;1,9;V;0,4;V;0,6;V;0,8;V;0,2;V;0,6;V;0,2;V;0,6;V;1,9;V;1,6;V;1,4;V;1,3;V;1,3;V;1,0;V;1,8;V;1,8;V;1,1;V;1,3;V;1,4;V;2,1;V;2,1;V;1,4;V;0,8;V
28;9;1;82;28009001_82_89;2026;3;5;54,0;V;102,0;V;73,0;V;79,0;V;126,0;V;74,0;V;89,0;V;54,0;V;96,0;V;60,0;V;74,0;V;76,0;V;304,0;V;73,0;V;12,0;V;301,0;V;83,0;V;297,0;V;290,0;V;63,0;V;57,0;V;57,0;V;53,0;V;90,0;V
28;9;1;83;28009001_83_89;2026;3;5;8,9;V;9,2;V;9,0;V;8,2;V;7,9;V;7,7;V;7,3;V;7,7;V;9,2;V;10,6;V;12,2;V;13,5;V;14,4;V;15,0;V;15,1;V;14,8;V;13,4;V;12,5;V;11,2;V;11,0;V;10,1;V;8,7;V;8,1;V;7,9;V
28;9;1;86;28009001_86_89;2026;3;5;74,0;V;77,0;V;77,0;V;78,0;V;79,0;V;80,0;V;81,0;V;82,0;V;81,0;V;81,0;V;78,0;V;73,0;V;66,0;V;59,0;V;55,0;V;52,0;V;55,0;V;58,0;V;64,0;V;68,0;V;70,0;V;74,0;V;77,0;V;79,0;V
28;9;1;87;28009001_87_89;2026;3;5;933,0;V;933,0;V;933,0;V;932,0;V;932,0;V;933,0;V;933,0;V;933,0;V;933,0;V;932,0;V;932,0;V;932,0;V;931,0;V;930,0;V;929,0;V;928,0;V;928,0;V;928,0;V;928,0;V;929,0;V;929,0;V;930,0;V;930,0;V;929,0;V
28;9;1;88;28009001_88_89;2026;3;5;0,0;V;0,0;V;0,0;V;0,0;V;0,0;V;0,0;V;2,0;V;78,0;V;218,0;V;386,0;V;531,0;V;569,0;V;639,0;V;478,0;V;285,0;V;153,0;V;77,0;V;17,0;V;0,0;V;0,0;V;0,0;V;0,0;V;0,0;V;0,0;V
28;9;1;89;28009001_89_89;2026;3;5;0,0;V;0,0;V;0,0;V;0,0;V;0,0;V;0,0;V;0,0;V;0,1;V;0,0;V;0,0;V;0,0;V;0,0;V;0,0;V;0,0;V;0,0;V;0,0;V;0,0;V;0,0;V;0,0;V;0,0;V;0,0;V;0,0;V;0,0;V;0,0;V
28;92;5;81;28092005_81_89;2026;3;5;0,9;V;0,6;V;0,5;V;0,7;V;1,5;V;0,5;V;1,0;V;0,9;V;1,2;V;1,8;V;2,3;V;1,9;V;1,9;V;2,6;V;3,1;V;1,8;V;2,1;V;1,0;V;1,8;V;1,6;V;0,7;V;0,4;V;1,0;V;1,4;V
28;92;5;82;28092005_82_89;2026;3;5;4,0;V;9,0;V;25,0;V;299,0;V;354,0;V;3,0;V;348,0;V;1,0;V;8,0;V;11,0;V;355,0;V;357,0;V;299,0;V;272,0;V;306,0;V;316,0;V;331,0;V;88,0;V;136,0;V;94,0;V;83,0;V;45,0;V;35,0;V;29,0;V
28;92;5;83;28092005_83_89;2026;3;5;12,1;V;11,6;V;11,3;V;10,4;V;10,0;V;10,2;V;10,0;V;10,2;V;11,9;V;14,1;V;15,7;V;17,5;V;18,5;V;18,4;V;17,8;V;12,4;V;12,8;V;13,2;V;12,8;V;11,4;V;10,5;V;10,0;V;9,9;V;9,2;V
28;92;5;86;28092005_86_89;2026;3;5;74,0;V;77,0;V;79,0;V;89,0;V;93,0;V;91,0;V;92,0;V;88,0;V;75,0;V;64,0;V;57,0;V;50,0;V;46,0;V;48,0;V;52,0;V;86,0;V;81,0;V;77,0;V;74,0;V;92,0;V;100,0;V;100,0;V;100,0;V;100,0;V
28;92;5;87;28092005_87_89;2026;3;5;937,0;V;937,0;V;937,0;V;936,0;V;937,0;V;937,0;V;937,0;V;937,0;V;937,0;V;937,0;V;936,0;V;936,0;V;935,0;V;934,0;V;933,0;V;932,0;V;932,0;V;932,0;V;932,0;V;933,0;V;933,0;V;934,0;V;934,0;V;934,0;V
28;92;5;88;28092005_88_89;2026;3;5;2,0;V;2,0;V;2,0;V;2,0;V;2,0;V;2,0;V;3,0;V;43,0;V;165,0;V;354,0;V;516,0;V;584,0;V;586,0;V;572,0;V;424,0;V;94,0;V;87,0;V;32,0;V;2,0;V;2,0;V;2,0;V;2,0;V;2,0;V;2,0;V
28;92;5;89;28092005_89_89;2026;3;5;0,0;V;0,0;V;0,0;V;0,0;V;0,0;V;0,0;V;0,0;V;0,0;V;0,0;V;0,0;V;0,0;V;0,0;V;0,0;V;0,0;V;0,0;V;0,4;V;0,0;V;0,0;V;0,0;V;0,8;V;2,0;V;0,6;V;1,4;V;1,0;V
